,url,title,made-it,reviews,longRating,ratingValue,reviewCount,recipe,calories,ratings,prep,cook,total,fahrenheit,celsius
0,http://allrecipes.com/recipe/22967/nannas-banana-bread/,Nanna's Banana Bread,322,215,4.65476179122925,4.65,215,"1/2 cup buttermilk$2 eggs$1/2 cup vegetable oil$1 cup white sugar$2 small very ripe bananas, sliced$1 teaspoon vanilla extract$2 cups all-purpose flour$1 teaspoon ground cinnamon$1 teaspoon baking powder$1 teaspoon baking soda$1/8 teaspoon salt$1/2 cup chopped walnuts",286,252,15.0,60.0,75.0,350,175.0
1,http://allrecipes.com/recipe/6765/4h-banana-bread/,4H Banana Bread,365,883,4.67162799835205,4.67,883,2 cups all-purpose flour$1/2 teaspoon baking soda$1 cup white sugar$1 egg$5 tablespoons milk$1 teaspoon baking powder$1/2 teaspoon salt$1/2 cup margarine$1 cup mashed bananas$1/2 cup chopped walnuts (optional),265,1075,10.0,60.0,70.0,350,175.0
2,http://allrecipes.com/recipe/218541/caramel-macchiato-banana-bread/,Caramel Macchiato Banana Bread,198,58,4.17647075653076,4.18,58,cooking spray$2 cups all-purpose flour$1 teaspoon baking soda$1 teaspoon baking powder$1/2 teaspoon ground cinnamon$1/8 teaspoon salt$2 large very ripe bananas$1/2 cup caramel macchiato flavored liquid coffee creamer (such as International Delight®)$1/2 cup vegetable oil$2 eggs$2/3 cup white sugar$2 tablespoons instant coffee granules$6 tablespoons unsalted butter$6 tablespoons packed brown sugar$1 teaspoon vanilla extract,334,68,15.0,65.0,120.0,350,175.0
3,http://allrecipes.com/recipe/219967/chef-johns-banana-bread/,Chef John's Banana Bread,1009,383,4.6972861289978,4.70,383,"cooking spray$2 cups all-purpose flour$1 teaspoon salt$1 teaspoon baking powder$1 teaspoon baking soda$1/2 cup butter, softened$3 ripe bananas, mashed$1 cup white sugar$2 large eggs$1/4 teaspoon vanilla extract$1 tablespoon milk$1 cup chopped walnuts$1/3 cup semisweet chocolate chips",334,479,15.0,70.0,105.0,325,165.0
4,http://allrecipes.com/recipe/7154/creamy-banana-bread/,Creamy Banana Bread,353,873,4.66091966629028,4.66,873,"1/2 cup margarine, softened$1 (8 ounce) package cream cheese, softened$1 1/4 cups white sugar$2 eggs$1 cup mashed bananas$1 teaspoon vanilla extract$2 1/4 cups all-purpose flour$1 1/2 teaspoons baking powder$1/2 teaspoon baking soda$3/4 cup chopped pecans$2 tablespoons brown sugar$2 teaspoons ground cinnamon",289,1044,30.0,45.0,75.0,350,175.0
5,http://allrecipes.com/recipe/17252/chocolate-banana-bread/,Chocolate Banana Bread,1463,928,4.67461681365967,4.67,928,"1 cup margarine, softened$2 cups white sugar$4 eggs$6 bananas, mashed$2 teaspoons vanilla extract$3 cups all-purpose flour$2 teaspoons baking soda$1/4 cup unsweetened cocoa powder$1 cup lite sour cream$1 cup semisweet chocolate chips",278,1174,10.0,60.0,70.0,350,175.0
6,http://allrecipes.com/recipe/228442/raspberry-banana-bread/,Raspberry Banana Bread,97,32,4.68292665481567,4.68,32,"3/4 cup frozen unsweetened raspberries, thawed$1 ripe banana$1 1/2 cups all-purpose flour$3/4 teaspoon ground cinnamon$1/2 teaspoon baking soda$1/4 teaspoon salt$1/8 teaspoon ground nutmeg$1 cup white sugar$2 eggs$1/2 cup vegetable oil$1/2 teaspoon lemon extract",273,41,25.0,60.0,115.0,325,165.0
7,http://allrecipes.com/recipe/16999/grandmas-homemade-banana-bread/,Grandma's Homemade Banana Bread,591,313,4.6962366104126,4.70,313,"1 1/2 cups white sugar$1/2 cup butter, softened$3 bananas, mashed$2 eggs$2 cups all-purpose flour$1/2 teaspoon baking soda$1/3 cup sour milk$1/4 teaspoon salt$1 teaspoon vanilla extract",226,372,10.0,60.0,70.0,350,175.0
8,http://allrecipes.com/recipe/141933/banana-zucchini-bread/,Banana-Zucchini Bread,525,263,4.51702785491943,4.52,263,"3 eggs$3/4 cup vegetable oil$2/3 cup packed brown sugar$1 cup white sugar$1 cup grated zucchini$2 bananas, mashed$2 teaspoons vanilla extract$3 1/2 cups all-purpose flour$1 tablespoon ground cinnamon$1 1/2 teaspoons baking powder$1 teaspoon baking soda$1 teaspoon salt$1/2 cup dried cranberries$1/2 cup chopped walnuts",272,323,15.0,50.0,65.0,325,165.0
9,http://allrecipes.com/recipe/17652/banana-crumb-muffins/,Banana Crumb Muffins,14588,9663,4.80329847335815,4.80,9663,"1 1/2 cups all-purpose flour$1 teaspoon baking soda$1 teaspoon baking powder$1/2 teaspoon salt$3 bananas, mashed$3/4 cup white sugar$1 egg, lightly beaten$1/3 cup butter, melted$1/3 cup packed brown sugar$2 tablespoons all-purpose flour$1/8 teaspoon ground cinnamon$1 tablespoon butter",263,13157,15.0,20.0,35.0,375,190.0
10,http://allrecipes.com/recipe/20144/banana-banana-bread/,Banana Banana Bread,21066,9885,4.56993055343628,4.57,9885,"2 cups all-purpose flour$1 teaspoon baking soda$1/4 teaspoon salt$1/2 cup butter$3/4 cup brown sugar$2 eggs, beaten$2 1/3 cups mashed overripe bananas",229,12777,15.0,65.0,80.0,350,175.0
11,http://allrecipes.com/recipe/17066/janets-rich-banana-bread/,Janet's Rich Banana Bread,12603,4711,4.81573343276978,4.82,4711,"1/2 cup butter, melted$1 cup white sugar$2 eggs$1 teaspoon vanilla extract$1 1/2 cups all-purpose flour$1 teaspoon baking soda$1/2 teaspoon salt$1/2 cup sour cream$1/2 cup chopped walnuts$2 medium bananas, sliced",218,6127,10.0,60.0,70.0,350,175.0
12,http://allrecipes.com/recipe/6984/banana-sour-cream-bread/,Banana Sour Cream Bread,3534,4080,4.77126169204712,4.77,4080,"1/4 cup white sugar$1 teaspoon ground cinnamon$3/4 cup butter$3 cups white sugar$3 eggs$6 very ripe bananas, mashed$1 (16 ounce) container sour cream$2 teaspoons vanilla extract$2 teaspoons ground cinnamon$1/2 teaspoon salt$3 teaspoons baking soda$4 1/2 cups all-purpose flour$1 cup chopped walnuts (optional)",263,5303,10.0,60.0,70.0,300,150.0
13,http://allrecipes.com/recipe/67937/extreme-banana-nut-bread-ebnb/,Extreme Banana Nut Bread 'EBNB',2830,1773,4.68686866760254,4.69,1773,"2 cups all-purpose flour$1 teaspoon salt$2 teaspoons baking soda$1 cup butter or margarine$2 cups white sugar$2 cups mashed overripe bananas$4 eggs, beaten$1 cup chopped walnuts",232,2079,20.0,70.0,90.0,350,175.0
14,http://allrecipes.com/recipe/15747/best-ever-banana-bread/,Best Ever Banana Bread,2526,1477,4.73289918899536,4.73,1477,"2 eggs, beaten$1/3 cup buttermilk$1/2 cup vegetable oil$1 cup mashed bananas$1 1/2 cups white sugar$1 3/4 cups all-purpose flour$1 teaspoon baking soda$1/2 teaspoon salt$1/2 cup chopped pecans (optional)",307,1842,,,,325,165.0
15,http://allrecipes.com/recipe/16952/the-best-banana-bread/,The Best Banana Bread,1943,1106,4.5541729927063,4.55,1106,"1/2 cup margarine, softened$1 cup white sugar$2 eggs$1 1/2 cups mashed banana$2 cups all-purpose flour$1 teaspoon baking soda",196,1366,15.0,60.0,75.0,350,175.0
16,http://allrecipes.com/recipe/6687/banana-bread/,Banana Bread,1555,946,4.6949291229248,4.69,946,"1 1/2 cups all-purpose flour$1 teaspoon baking soda$1/2 teaspoon salt$1 cup white sugar$2 eggs, beaten$1/4 cup butter, melted$3 bananas, mashed",145,1203,15.0,60.0,75.0,350,175.0
17,http://allrecipes.com/recipe/6993/cathys-banana-bread/,Cathy's Banana Bread,631,981,4.73149728775024,4.73,981,1 cup mashed bananas$1 cup sour cream$1/4 cup margarine$1 1/3 cups white sugar$2 eggs$1 teaspoon vanilla extract$2 cups all-purpose flour$1 teaspoon baking soda$1 teaspoon baking powder$1/4 teaspoon salt,200,1162,10.0,50.0,60.0,350,175.0
18,http://allrecipes.com/recipe/6990/sarahs-banana-bread-muffins/,Sarah's Banana Bread Muffins,694,742,4.62211990356445,4.62,742,"1 cup white sugar$1/2 cup vegetable oil$1 egg$3 ripe bananas, mashed$1/4 cup chopped walnuts$2 cups all-purpose flour$1 teaspoon baking soda$1/2 teaspoon salt",270,868,10.0,35.0,45.0,350,175.0
19,http://allrecipes.com/recipe/23426/almost-no-fat-banana-bread/,Almost No Fat Banana Bread,920,688,4.41363096237183,4.41,688,"1 1/2 cups all-purpose flour$3/4 cup white sugar$1 1/4 teaspoons baking powder$1/2 teaspoon baking soda$1/2 teaspoon ground cinnamon$2 egg whites$1 cup banana, mashed$1/4 cup applesauce",127,851,10.0,55.0,65.0,350,175.0
20,http://allrecipes.com/recipe/20153/chocolate-chip-banana-bread-ii/,Chocolate Chip Banana Bread II,1027,634,4.7964072227478,4.80,634,"1 cup shortening$2 cups white sugar$2 eggs$2 tablespoons mayonnaise$6 very ripe bananas, mashed$3 cups all-purpose flour$1/2 teaspoon salt$1 teaspoon baking powder$2 teaspoons baking soda$1 cup semi-sweet chocolate chips$1/2 cup chopped walnuts",346,835,15.0,75.0,90.0,350,175.0
21,http://allrecipes.com/recipe/6713/easy-banana-bread/,Easy Banana Bread,379,561,4.7155556678772,4.72,561,5 very ripe bananas$4 eggs$1 cup shortening$2 1/2 cups white sugar$1 tablespoon vanilla extract$3 1/2 cups all-purpose flour$2 teaspoons baking soda$1 teaspoon salt,258,675,20.0,70.0,90.0,300,150.0
22,http://allrecipes.com/recipe/17754/janines-best-banana-bread/,Janine's Best Banana Bread,807,547,4.58170890808105,4.58,547,"1/4 cup butter, softened$1 cup white sugar$1 egg$3 ripe bananas, mashed$2 cups all-purpose flour$1 teaspoon baking soda$1/2 teaspoon salt",248,667,15.0,60.0,75.0,350,175.0
23,http://allrecipes.com/recipe/7155/whole-wheat-banana-nut-bread/,Whole Wheat Banana Nut Bread,216,570,4.6054630279541,4.61,570,1/3 cup vegetable oil$1/2 cup honey$1 teaspoon vanilla extract$2 eggs$1 cup mashed bananas$1 3/4 cups whole wheat flour$1/2 teaspoon salt$1 teaspoon baking soda$1/4 cup hot water$1/2 cup chopped walnuts,218,659,15.0,55.0,70.0,325,165.0
24,http://allrecipes.com/recipe/18015/lighter-banana-muffins/,Lighter Banana Muffins,592,470,4.28301906585693,4.28,470,"2 eggs, beaten$3 very ripe bananas, mashed$2 cups all-purpose flour$1 teaspoon salt$3/4 cup white sugar$1 teaspoon baking soda",195,530,15.0,25.0,40.0,350,175.0
25,http://allrecipes.com/recipe/230482/banana-chocolate-chip-bread/,Banana Chocolate Chip Bread,2044,403,4.7485032081604,4.75,403,"2 cups all-purpose flour$1 teaspoon baking powder$1 teaspoon baking soda$1 teaspoon salt$3 ripe bananas, mashed$1 tablespoon milk$1 teaspoon ground cinnamon, or to taste$1/2 cup butter, softened$1 cup white sugar$2 eggs$1 cup semisweet chocolate chips",378,501,15.0,70.0,85.0,325,165.0
26,http://allrecipes.com/recipe/219967/chef-johns-banana-bread/,Chef John's Banana Bread,1009,383,4.6972861289978,4.70,383,"cooking spray$2 cups all-purpose flour$1 teaspoon salt$1 teaspoon baking powder$1 teaspoon baking soda$1/2 cup butter, softened$3 ripe bananas, mashed$1 cup white sugar$2 large eggs$1/4 teaspoon vanilla extract$1 tablespoon milk$1 cup chopped walnuts$1/3 cup semisweet chocolate chips",334,479,15.0,70.0,105.0,325,165.0
27,http://allrecipes.com/recipe/6754/lower-fat-banana-bread-i/,Lower Fat Banana Bread I,57,377,4.67264556884766,4.67,377,"2/3 cup white sugar$1/4 cup margarine, softened$2 eggs$1 cup mashed bananas$1/4 cup water$1 2/3 cups all-purpose flour$1 teaspoon baking soda$1/2 teaspoon salt$1/4 teaspoon baking powder",169,446,15.0,60.0,75.0,350,175.0
28,http://allrecipes.com/recipe/241707/joys-easy-banana-bread/,Joy's Easy Banana Bread,2129,379,4.76781606674194,4.77,379,"3 ripe bananas, mashed$1 cup white sugar$1 egg$1/4 cup melted butter$1 1/2 cups all-purpose flour$1 teaspoon baking soda$1 teaspoon salt",225,435,15.0,60.0,75.0,325,165.0
29,http://allrecipes.com/recipe/16706/banana-pumpkin-bread/,Banana Pumpkin Bread,534,360,4.33806133270264,4.34,360,"2 ripe bananas, mashed$2 eggs$1/3 cup vegetable oil$1 1/3 cups canned pumpkin puree$1/2 cup honey$1/2 cup white sugar$2 1/2 cups all-purpose flour$1 teaspoon baking powder$1 teaspoon baking soda$1/2 teaspoon salt$2 teaspoons pumpkin pie spice$1 teaspoon ground cinnamon$3/4 cup raisins (optional)$1/2 cup walnut pieces (optional)",328,423,20.0,45.0,65.0,350,175.0
30,http://allrecipes.com/recipe/22722/brown-sugar-banana-nut-bread-i/,Brown Sugar Banana Nut Bread I,583,348,4.56416463851929,4.56,348,"1/2 cup butter, softened$1 cup brown sugar$2 eggs$1 tablespoon vanilla extract$4 very ripe bananas, mashed$2 cups all-purpose flour$3 teaspoons baking powder$1/2 teaspoon salt$1/2 cup chopped walnuts",273,413,15.0,60.0,75.0,350,175.0
31,http://allrecipes.com/recipe/7116/banana-bread-quick-bread-for-machines/,Banana Bread - Quick Bread for Machines,209,327,4.08831167221069,4.09,327,"2 cups all-purpose flour$1 teaspoon baking powder$1/2 teaspoon baking soda$3/4 cup white sugar$3 tablespoons vegetable oil$2 eggs$2 bananas, peeled and halved lengthwise",221,385,15.0,50.0,75.0,,
32,http://allrecipes.com/recipe/6777/banana-nut-bread-i/,Banana Nut Bread I,214,310,4.6083550453186,4.61,310,2 1/2 cups white sugar$1 cup shortening$3 eggs$1 1/2 cups mashed bananas$3 cups all-purpose flour$1 1/4 cups buttermilk$1 1/2 teaspoons baking soda$1 1/2 teaspoons baking powder$1 teaspoon vanilla extract$1/2 cup chopped walnuts,256,383,10.0,60.0,70.0,350,175.0
33,http://allrecipes.com/recipe/17050/hawaiian-banana-nut-bread/,Hawaiian Banana Nut Bread,505,339,4.70603656768799,4.71,339,"3 cups all-purpose flour$3/4 teaspoon salt$1 teaspoon baking soda$2 cups white sugar$1 teaspoon ground cinnamon$1 cup chopped walnuts$3 eggs, beaten$1 cup vegetable oil$2 cups mashed very ripe banana$1 (8 ounce) can crushed pineapple, drained$2 teaspoons vanilla extract$1 cup flaked coconut$1 cup maraschino cherries, diced",234,381,10.0,60.0,80.0,350,175.0
34,http://allrecipes.com/recipe/16999/grandmas-homemade-banana-bread/,Grandma's Homemade Banana Bread,591,313,4.6962366104126,4.70,313,"1 1/2 cups white sugar$1/2 cup butter, softened$3 bananas, mashed$2 eggs$2 cups all-purpose flour$1/2 teaspoon baking soda$1/3 cup sour milk$1/4 teaspoon salt$1 teaspoon vanilla extract",226,372,10.0,60.0,70.0,350,175.0
35,http://allrecipes.com/recipe/17013/banana-peanut-butter-bread/,Banana Peanut Butter Bread,375,296,4.14480876922607,4.14,296,"1/2 cup butter, softened$1 cup white sugar$2 eggs$1/2 cup peanut butter$2 bananas, mashed$2 cups all-purpose flour$1 teaspoon baking soda$1/2 cup chopped walnuts",266,366,15.0,70.0,85.0,325,165.0
36,http://allrecipes.com/recipe/24930/lower-fat-banana-bread-ii/,Lower Fat Banana Bread II,337,304,4.5747127532959,4.57,304,"2 eggs$2/3 cup white sugar$2 very ripe bananas, mashed$1/4 cup applesauce$1/3 cup nonfat milk$1 tablespoon vegetable oil$1 tablespoon vanilla extract$1 3/4 cups all-purpose flour$2 teaspoons baking powder$1/2 teaspoon baking soda$1/2 teaspoon salt$1/3 cup chopped walnuts",178,348,15.0,60.0,75.0,325,165.0
37,http://allrecipes.com/recipe/7163/favorite-banana-blueberry-quick-bread/,Favorite Banana Blueberry Quick Bread,148,280,4.39465856552124,4.39,280,1/2 cup fresh blueberries$1 5/8 cups all-purpose flour$1/2 cup quick cooking oats$1/2 cup chopped pecans$1 teaspoon baking soda$1/4 teaspoon salt$1/2 cup shortening$1 cup white sugar$2 eggs$1 cup mashed bananas,278,337,25.0,50.0,85.0,350,175.0
38,http://allrecipes.com/recipe/15746/banana-oatmeal-bread/,Banana Oatmeal Bread,509,270,4.66666650772095,4.67,270,"1/2 cup shortening$1 cup white sugar$2 eggs, beaten$1/2 teaspoon vanilla extract$1 cup all-purpose flour$1 cup quick cooking oats$1 teaspoon baking soda$1/2 teaspoon salt$1/4 cup milk$1/2 teaspoon ground cinnamon$1 1/2 cups mashed bananas$1/2 cup chopped raisins (optional)",264,336,25.0,50.0,80.0,350,175.0
39,http://allrecipes.com/recipe/17656/rich-and-delicious-banana-bread/,Rich and Delicious Banana Bread,362,279,4.61746978759766,4.62,279,1/2 cup shortening$1 cup white sugar$1 1/2 cups all-purpose flour$1 teaspoon baking soda$1 teaspoon salt$3 ripe bananas,268,332,10.0,60.0,70.0,325,165.0
40,http://allrecipes.com/recipe/16666/banana-bran-muffins/,Banana Bran Muffins,384,272,4.70336389541626,4.70,272,"1/2 cup butter, softened$1/2 cup brown sugar$3 bananas, mashed$1/4 cup milk$1 teaspoon vanilla extract$2 eggs$1 1/2 cups all-purpose flour$1/2 cup wheat bran$1 teaspoon baking powder$1 teaspoon baking soda$1/4 teaspoon salt$1/2 cup chopped walnuts",239,327,10.0,25.0,35.0,375,190.0
41,http://allrecipes.com/recipe/141933/banana-zucchini-bread/,Banana-Zucchini Bread,525,263,4.51702785491943,4.52,263,"3 eggs$3/4 cup vegetable oil$2/3 cup packed brown sugar$1 cup white sugar$1 cup grated zucchini$2 bananas, mashed$2 teaspoons vanilla extract$3 1/2 cups all-purpose flour$1 tablespoon ground cinnamon$1 1/2 teaspoons baking powder$1 teaspoon baking soda$1 teaspoon salt$1/2 cup dried cranberries$1/2 cup chopped walnuts",272,323,15.0,50.0,65.0,325,165.0
42,http://allrecipes.com/recipe/6894/banana-coconut-loaf/,Banana Coconut Loaf,137,255,4.61589384078979,4.62,255,"2 eggs$1 cup white sugar$1/2 cup butter, melted$1 cup mashed bananas$1/2 teaspoon almond extract$1 1/2 cups all-purpose flour$1/2 cup flaked coconut$1 1/2 teaspoons baking powder$1/2 teaspoon baking soda$1/2 teaspoon salt$1/2 cup chopped walnuts$1/2 cup maraschino cherries, chopped",277,302,15.0,60.0,85.0,350,175.0
43,http://allrecipes.com/recipe/24575/oatmeal-banana-nut-bread/,Oatmeal Banana Nut Bread,355,251,4.65410947799683,4.65,251,1/2 cup shortening$3/4 cup white sugar$2 eggs$1 cup mashed bananas$1 teaspoon vanilla extract$1 1/2 cups all-purpose flour$1/2 teaspoon baking soda$1/2 teaspoon salt$1/2 cup quick cooking oats$1/2 cup chopped walnuts,255,292,20.0,55.0,75.0,350,175.0
44,http://allrecipes.com/recipe/7141/banana-nut-bread-ii/,Banana Nut Bread II,120,237,4.36082458496094,4.36,237,"1/2 cup margarine, softened$2/3 cup milk$2 eggs$2 1/2 cups all-purpose flour$1 cup white sugar$2 1/2 teaspoons baking powder$1/2 teaspoon baking soda$1 teaspoon salt$2/3 cup mashed bananas$1/2 cup chopped walnuts",347,291,,,,,
45,http://allrecipes.com/recipe/6690/mothers-banana-bread/,Mother's Banana Bread,40,219,4.44982719421387,4.45,219,"1 3/4 cups all-purpose flour$2 teaspoons baking powder$1/4 teaspoon baking soda$1/2 teaspoon salt$2/3 cup white sugar$1/3 cup butter, softened$2 eggs$1 cup mashed banana$1/2 cup chopped walnuts",215,289,15.0,60.0,75.0,350,175.0
46,http://allrecipes.com/recipe/7024/banana-nut-bread-baked-in-a-jar/,Banana Nut Bread Baked in a Jar,45,216,4.77519369125366,4.78,216,2/3 cup shortening$2 2/3 cups white sugar$4 eggs$2 cups mashed bananas$2/3 cup water$3 1/3 cups all-purpose flour$1/2 teaspoon baking powder$2 teaspoons baking soda$1 1/2 teaspoons salt$1 teaspoon ground cinnamon$1 teaspoon ground cloves$2/3 cup chopped pecans,,258,10.0,45.0,65.0,325,165.0
47,http://allrecipes.com/recipe/22967/nannas-banana-bread/,Nanna's Banana Bread,322,215,4.65476179122925,4.65,215,"1/2 cup buttermilk$2 eggs$1/2 cup vegetable oil$1 cup white sugar$2 small very ripe bananas, sliced$1 teaspoon vanilla extract$2 cups all-purpose flour$1 teaspoon ground cinnamon$1 teaspoon baking powder$1 teaspoon baking soda$1/8 teaspoon salt$1/2 cup chopped walnuts",286,252,15.0,60.0,75.0,350,175.0
48,http://allrecipes.com/recipe/7158/strawnana-bread/,Strawnana Bread,79,183,4.41452980041504,4.41,183,"4 eggs, lightly beaten$2 cups white sugar$1 1/2 cups strawberries, mashed$1 cup mashed bananas$1 tablespoon orange zest$1 cup vegetable oil$3 cups all-purpose flour$1 teaspoon baking soda$1 1/2 teaspoons ground cinnamon$1/2 teaspoon salt$1/4 teaspoon ground nutmeg$1 cup chopped walnuts",258,234,,,,350,175.0
49,http://allrecipes.com/recipe/9460/banana-nut-bread-iii/,Banana Nut Bread III,191,186,4.62173891067505,4.62,186,1 3/4 cups all-purpose flour$2 teaspoons baking powder$1/4 teaspoon baking soda$1/2 teaspoon salt$1 cup white sugar$1/2 cup chopped pecans$2 eggs$1 cup mashed bananas$1/2 cup vegetable oil$1 teaspoon vanilla extract,205,230,,,,350,175.0
50,http://allrecipes.com/recipe/6686/banana-wheat-bread/,Banana Wheat Bread,21,168,4.56632661819458,4.57,168,2 cups whole wheat flour$1/4 cup wheat germ$1 teaspoon salt$1 teaspoon baking soda$1 1/2 cups mashed bananas$1/4 cup vegetable oil$1/2 cup honey$2 eggs$1 teaspoon vanilla extract$1/2 cup chopped pecans,232,196,,,,350,175.0
51,http://allrecipes.com/recipe/229021/blueberry-banana-bread/,Blueberry Banana Bread,503,158,4.72916650772095,4.73,158,"2 cups all-purpose flour$1 teaspoon baking soda$1/2 teaspoon salt$1/2 cup butter, softened$1 cup white sugar$2 eggs$2 teaspoons vanilla extract$2 ripe bananas, mashed$1 cup fresh blueberries",197,192,15.0,30.0,55.0,350,175.0
52,http://allrecipes.com/recipe/20739/banana-loaf/,Banana Loaf,236,133,4.66467046737671,4.66,133,"1/2 cup butter$1 cup white sugar$2 eggs$3 ripe bananas, mashed$2 cups all-purpose flour$1 teaspoon baking soda$1 teaspoon baking powder$1/2 teaspoon salt$1/2 cup chopped walnuts",279,167,10.0,60.0,70.0,350,175.0
53,http://allrecipes.com/recipe/23645/sweet-banana-bread/,Sweet Banana Bread,170,135,4.7039475440979,4.70,135,1 3/4 cups all-purpose flour$1 1/4 teaspoons baking powder$1/2 teaspoon baking soda$3/4 teaspoon salt$1 (3 ounce) package non-instant vanilla pudding mix$2/3 cup white sugar$1/2 cup shortening$2 eggs$2 tablespoons milk$1 1/3 cups mashed ripe banana$1/3 cup chopped walnuts,249,152,15.0,70.0,85.0,350,175.0
54,http://allrecipes.com/recipe/20164/grannys-banana-bread/,Granny's Banana Bread,251,131,4.1503267288208,4.15,131,"2 1/4 cups all-purpose flour$1 teaspoon baking soda$1/2 teaspoon ground cinnamon$1/2 teaspoon ground nutmeg$1 cup white sugar$2 eggs$1/3 cup unsweetened applesauce$4 ripe bananas, mashed$1 tablespoon vanilla extract$1 cup raisins (optional)$1 cup chopped walnuts (optional)",298,153,15.0,60.0,75.0,375,190.0
55,http://allrecipes.com/recipe/6921/quick-banana-bread/,Quick Banana Bread,33,135,4.60402679443359,4.60,135,1/3 cup vegetable oil$1 1/2 cups mashed bananas$1/2 teaspoon vanilla extract$3 eggs$2 1/3 cups baking mix$1 cup white sugar$1/2 cup chopped walnuts,272,149,15.0,60.0,80.0,350,175.0
56,http://allrecipes.com/recipe/164205/spiced-banana-bread/,Spiced Banana Bread,188,108,4.65277767181396,4.65,108,2 cups flour$1 1/2 teaspoons baking powder$1 teaspoon baking soda$4 very ripe bananas$2 eggs$1 cup sugar$1 teaspoon cinnamon$1/2 teaspoon salt$1/2 teaspoon nutmeg$1/4 teaspoon ground cloves$1/2 cup melted butter$1 teaspoon vanilla extract,193,144,15.0,45.0,120.0,350,175.0
57,http://allrecipes.com/recipe/93289/whole-grain-healthy-banana-bread/,Whole Grain Healthy Banana Bread,145,101,4.41221380233765,4.41,101,"3/4 cup SPLENDA® Sugar Blend$3/4 cup flax seed meal$5 ripe bananas, mashed$1/4 cup skim milk$1/4 cup low-fat sour cream$2 teaspoons egg whites$2 cups whole wheat flour$1 teaspoon baking soda$1/2 teaspoon salt",261,131,15.0,60.0,75.0,350,175.0
58,http://allrecipes.com/recipe/23082/janets-famous-banana-nut-bread/,Janet's Famous Banana Nut Bread,158,112,4.6328125,4.63,112,"3 cups white sugar$3/4 cup butter, softened$3 eggs$2 cups mashed ripe banana$1/2 cup sour cream$3 1/2 cups all-purpose flour$1 teaspoon baking soda$1/2 teaspoon baking powder$1/2 teaspoon ground cinnamon$1 1/2 cups chopped pecans",356,128,20.0,65.0,85.0,325,165.0
59,http://allrecipes.com/recipe/217065/gluten-free-banana-bread/,Gluten Free Banana Bread,156,105,4.16528940200806,4.17,105,"2 cups gluten-free all purpose baking flour$1 teaspoon baking powder$1/2 teaspoon salt$1/2 cup butter$1/2 cup turbinado sugar$2 eggs, lightly beaten$3 tablespoons maple syrup$6 ripe bananas, mashed",132,121,15.0,30.0,45.0,350,175.0
60,http://allrecipes.com/recipe/20152/chocolate-chip-banana-bread-i/,Chocolate Chip Banana Bread I,127,91,4.5,4.50,91,"1/2 cup butter, softened$1 1/2 cups white sugar$2 eggs$1 tablespoon vanilla extract$3 large very ripe bananas, mashed$1/3 cup sour cream$1/3 cup buttermilk$2 1/2 cups unsifted cake flour$1 teaspoon salt$1/2 teaspoon baking soda$1/4 teaspoon baking powder$1 1/2 cups semi-sweet chocolate chips",436,116,15.0,35.0,60.0,350,175.0
61,http://allrecipes.com/recipe/41679/banana-cranberry-bread/,Banana Cranberry Bread,222,102,4.40000009536743,4.40,102,2 1/2 cups white sugar$1 cup shortening$3 eggs$3 mashed bananas$1 cup cranberry sauce$1/2 cup milk$1 teaspoon vanilla extract$4 cups all-purpose flour$1 1/2 teaspoons baking soda$1 1/2 teaspoons baking powder$1 teaspoon ground cinnamon$1/2 teaspoon ground nutmeg$1/2 cup chopped walnuts,292,115,15.0,60.0,90.0,350,175.0
62,http://allrecipes.com/recipe/36772/maple-banana-bread/,Maple Banana Bread,145,98,4.11504411697388,4.12,98,"1/2 cup butter, melted$1/2 cup maple syrup$1 egg$2 ripe bananas$1/2 teaspoon maple extract$3 tablespoons milk$2 cups all-purpose flour$1 teaspoon baking soda$1/2 teaspoon baking powder$1/4 cup chopped walnuts$3 tablespoons white sugar",232,113,30.0,50.0,80.0,350,175.0
63,http://allrecipes.com/recipe/7223/banana-chocolate-chip-muffins/,Banana Chocolate Chip Muffins,10,87,3.25961542129517,3.26,87,"2 cups all-purpose flour$1/3 cup white sugar$2 tablespoons Dutch process cocoa powder$1 tablespoon baking powder$1 cup mashed bananas$2/3 cup canola oil$1 egg, beaten$1 cup semi-sweet chocolate chips",303,104,,,,425,220.0
64,http://allrecipes.com/recipe/229353/sour-cream-banana-bread/,Sour Cream Banana Bread,193,88,4.57281541824341,4.57,88,"4 very ripe bananas, divided$1 cup white sugar$3/4 cup butter, melted and cooled$2 large eggs$1/3 cup sour cream$1 teaspoon vanilla extract$2 cups all-purpose flour$1 1/2 teaspoons baking powder$1/2 teaspoon salt$1/2 cup chopped walnuts (optional)$2 teaspoons white sugar$1/2 teaspoon ground cinnamon",339,103,15.0,75.0,120.0,350,175.0
65,http://allrecipes.com/recipe/7069/special-banana-bread/,Special Banana Bread,28,82,4.69306945800781,4.69,82,"1 cup shortening$2 cups white sugar$6 very ripe bananas, mashed$4 eggs$2 1/4 cups all-purpose flour$1 teaspoon salt$2 teaspoons baking soda$2 teaspoons ground cinnamon$1 teaspoon ground cloves$1 teaspoon freshly grated nutmeg$1 cup chopped walnuts",254,101,10.0,60.0,70.0,350,175.0
66,http://allrecipes.com/recipe/21619/banana-date-flaxseed-bread/,Banana Date Flaxseed Bread,114,92,4.56435632705688,4.56,92,"1/2 cup flax seed$3 bananas, mashed$1/4 cup vegetable oil$1/2 cup white sugar$2 eggs$1 1/2 cups all-purpose flour$1/2 teaspoon baking powder$1/2 teaspoon baking soda$1/2 teaspoon salt$1/4 cup flax seed$1/2 cup chopped pitted dates",263,101,10.0,55.0,65.0,350,175.0
67,http://allrecipes.com/recipe/222082/healthier-banana-banana-bread/,Healthier Banana Banana Bread,155,84,4.41836738586426,4.42,84,"2 cups all-purpose flour$1 teaspoon baking soda$1/4 teaspoon salt$1/4 cup butter$1/8 cup nonfat plain yogurt$3/4 cup brown sugar$2 eggs, beaten$2 1/3 cups mashed overripe bananas",196,98,15.0,65.0,80.0,350,175.0
68,http://allrecipes.com/recipe/23810/grandmas-banana-bread/,Grandma's Banana Bread,106,85,4.72631597518921,4.73,85,"3 cups sugar$1 cup margarine, softened$1 teaspoon vanilla extract$4 eggs$3 1/2 cups all-purpose flour$2 teaspoons baking soda$1/4 teaspoon salt$1 cup buttermilk$6 very ripe bananas, mashed",545,95,15.0,60.0,75.0,325,165.0
69,http://allrecipes.com/recipe/7175/banana-chai-bread/,Banana Chai Bread,2,72,4.02105283737183,4.02,72,1 3/4 cups all-purpose flour$1 tablespoon baking powder$1/2 teaspoon salt$3/4 cup white sugar$1/2 cup lowfat cream cheese$2 eggs$3/4 cup mashed bananas$1/4 cup brewed chai tea,164,95,,,,350,175.0
70,http://allrecipes.com/recipe/6757/simple-banana-bread/,Simple Banana Bread,33,79,3.96629214286804,3.97,79,"4 ripe bananas, mashed$2/3 cup white sugar$2 eggs$2 cups all-purpose flour$1 teaspoon baking powder$1/2 teaspoon salt$1/2 cup chopped walnuts",237,89,15.0,65.0,80.0,350,175.0
71,http://allrecipes.com/recipe/220941/peanut-butter-chocolate-chip-banana-bread/,Peanut Butter Chocolate Chip Banana Bread,126,64,4.72941160202026,4.73,64,"cooking spray$1 cup whole wheat flour$1 teaspoon baking powder$1/2 teaspoon baking soda$1/4 teaspoon salt$2 ripe bananas, mashed$1/3 cup unsweetened crunchy peanut butter$3/4 cup brown sugar$1/4 cup plain fat-free yogurt$1 large egg$1 tablespoon canola oil$3/4 cup semisweet chocolate chips",201,85,15.0,40.0,115.0,350,175.0
72,http://allrecipes.com/recipe/18503/country-banana-bread/,Country Banana Bread,77,76,4.28915643692017,4.29,76,"1 (18.25 ounce) package yellow cake mix$3 eggs$1 1/3 cups vegetable oil$4 bananas, mashed",607,83,20.0,40.0,60.0,350,175.0
73,http://allrecipes.com/recipe/52536/whole-grain-banana-muffins/,Whole Grain Banana Muffins,77,59,4.23076915740967,4.23,59,"3/4 cup whole wheat pastry flour$1/2 cup whole wheat flour$1 cup oat bran$1/4 cup sugar$1 tablespoon baking powder$1/2 teaspoon salt$3/4 cup raisins$1/2 cup nonfat plain yogurt$1/4 cup low fat sour cream$1/4 cup unsweetened applesauce$1/4 cup maple syrup$2 teaspoons egg whites$1 teaspoon vanilla extract$3 small ripe bananas, mashed$1/4 cup chopped pecans",177,78,15.0,18.0,33.0,400,200.0
74,http://allrecipes.com/recipe/218541/caramel-macchiato-banana-bread/,Caramel Macchiato Banana Bread,198,58,4.17647075653076,4.18,58,cooking spray$2 cups all-purpose flour$1 teaspoon baking soda$1 teaspoon baking powder$1/2 teaspoon ground cinnamon$1/8 teaspoon salt$2 large very ripe bananas$1/2 cup caramel macchiato flavored liquid coffee creamer (such as International Delight®)$1/2 cup vegetable oil$2 eggs$2/3 cup white sugar$2 tablespoons instant coffee granules$6 tablespoons unsalted butter$6 tablespoons packed brown sugar$1 teaspoon vanilla extract,334,68,15.0,65.0,120.0,350,175.0
75,http://allrecipes.com/recipe/202895/whole-wheat-chocolate-banana-bread/,Whole Wheat Chocolate Banana Bread,65,56,4.0151515007019,4.02,56,"1/3 cup skim milk$1 teaspoon lemon juice$1 3/4 cups whole wheat flour$1/2 cup unsweetened cocoa powder$2 teaspoons baking powder$1/2 teaspoon baking soda$1 teaspoon ground cinnamon$1 teaspoon ground nutmeg$1/2 teaspoon salt$2 large eggs$3/4 cup white sugar$3 ripe bananas, mashed$1 tablespoon canola oil$1 teaspoon vanilla extract",128,66,20.0,60.0,150.0,375,190.0
76,http://allrecipes.com/recipe/214581/brown-sugar-banana-bread/,Brown Sugar Banana Bread,115,56,4.46875,4.47,56,"4 ripe bananas, cut into chunks$1 1/4 cups light brown sugar$1/2 cup butter, softened$1 egg$1 teaspoon cinnamon$1 teaspoon vanilla extract$1/4 cup whole milk$2 cups all-purpose flour$1/2 teaspoon baking soda$1 teaspoon baking powder$1/2 teaspoon kosher salt",415,64,15.0,40.0,55.0,350,175.0
77,http://allrecipes.com/recipe/104999/we-be-jammin-jamaican-banana-bread/,We Be Jammin' Jamaican Banana Bread,72,57,4.125,4.13,57,"2 tablespoons unsalted butter, softened$2 tablespoons cream cheese$1 cup white sugar$1 egg$2 cups all-purpose flour$2 teaspoons baking powder$1/2 teaspoon baking soda$1/8 teaspoon salt$1 cup mashed overripe bananas$1/2 cup milk$2 tablespoons dark rum, or rum flavoring$1/2 teaspoon lime zest$2 teaspoons lime juice$1 teaspoon vanilla extract$1/4 cup chopped toasted pecans$1/4 cup flaked coconut$Topping$1/4 cup brown sugar$2 teaspoons unsalted butter$2 teaspoons lime juice$2 teaspoons dark rum, or rum flavoring$2 tablespoons chopped toasted pecans$2 tablespoons flaked coconut",131,64,45.0,60.0,165.0,375,190.0
78,http://allrecipes.com/recipe/219816/family-banana-nut-bread-recipe/,Family Banana Nut Bread Recipe,162,57,4.609375,4.61,57,"1 (8 ounce) package cream cheese, softened$1 cup white sugar$1/2 cup butter$2 eggs, well-beaten$2 ripe bananas, mashed$2 1/4 cups all-purpose flour$1 1/2 teaspoons baking powder$1/2 teaspoon baking soda$1 cup chopped walnuts",450,64,20.0,75.0,155.0,350,175.0
79,http://allrecipes.com/recipe/242314/browned-butter-banana-bread/,Browned Butter Banana Bread,245,50,4.296875,4.30,50,1/2 cup butter$3 very ripe bananas$1/4 cup brown sugar$1/4 cup white sugar$1 egg$1 tablespoon vanilla extract$1 1/2 cups all-purpose flour$1 1/2 teaspoons baking soda$1 teaspoon ground cinnamon (optional)$1/2 teaspoon ground nutmeg (optional),389,64,15.0,50.0,80.0,350,175.0
80,http://allrecipes.com/recipe/198829/bananas-foster-monkey-bread/,Bananas Foster Monkey Bread,92,54,4.74603176116943,4.75,54,"1/2 cup white sugar$1 tablespoon ground cinnamon$2 (7.5 ounce) packages buttermilk biscuit dough, cut into quarters$2 ripe bananas, coarsely chopped$1/4 cup chopped pecans$1/2 cup butter$1/2 cup packed light brown sugar$1 teaspoon vanilla",427,63,,,,400,200.0
81,http://allrecipes.com/recipe/228684/paleo-banana-bread/,Paleo Banana Bread,120,58,4,4.00,58,"1 serving cooking spray$2 cups almond flour$1 tablespoon ground cinnamon$1 teaspoon baking soda$2 eggs$1/2 cup water$1 teaspoon almond extract$1/4 cup agave syrup$2 ripe bananas, mashed$1/2 teaspoon vanilla bean paste (optional)",127,61,15.0,45.0,60.0,350,175.0
82,http://allrecipes.com/recipe/22470/really-rich-banana-bread/,Really Rich Banana Bread,54,52,3.91803288459778,3.92,52,"1 cup unsalted butter$1 cup dark brown sugar$6 eggs$2 cups all-purpose flour$2 teaspoons baking powder$1/4 teaspoon ground nutmeg$1 pinch ground allspice$1 pinch salt$3 ripe bananas, mashed$1 teaspoon vanilla extract",345,61,15.0,90.0,105.0,350,175.0
83,http://allrecipes.com/recipe/17281/molasses-banana-bread/,Molasses Banana Bread,66,54,3.76666665077209,3.77,54,"1/2 cup butter, softened$1 egg$1 cup molasses$2 cups mashed banana$1 cup whole wheat flour$3/4 cup all-purpose flour$1/2 teaspoon baking soda$1/2 teaspoon salt$1/2 teaspoon ground nutmeg",249,60,20.0,60.0,80.0,350,175.0
84,http://allrecipes.com/recipe/211180/bangin-banana-bread/,Bangin' Banana Bread,69,47,4.56666660308838,4.57,47,"1/2 cup butter, at room temperature$1/2 cup white sugar$2 eggs, at room temperature$2 1/2 cups pureed ripe bananas$1 1/4 teaspoons baking soda$1/2 teaspoon baking powder$1/4 teaspoon kosher salt$1/2 teaspoon vanilla extract$2 cups all-purpose flour$1/2 cup coarsely chopped macadamia nuts",270,60,15.0,60.0,85.0,350,175.0
85,http://allrecipes.com/recipe/6830/whole-wheat-banana-strawberry-loaf/,Whole Wheat Banana Strawberry Loaf,15,47,4.15789461135864,4.16,47,"2 cups whole wheat flour$1 teaspoon baking soda$2 eggs$5/8 cup vegetable oil, divided$1 1/2 cups white sugar$3 bananas, mashed$1 cup chopped strawberries$1 pinch ground cinnamon",308,57,15.0,75.0,90.0,350,175.0
86,http://allrecipes.com/recipe/7200/banana-nut-and-ginger-bread/,Banana Nut and Ginger Bread,16,49,4.54385948181152,4.54,49,"2 cups packed brown sugar$1 cup mashed bananas$2 eggs$1 teaspoon vanilla extract$2 tablespoons vegetable oil (optional)$3 cups all-purpose flour$2 teaspoons baking soda$1 teaspoon salt$1 1/2 teaspoons ground cinnamon$1/2 teaspoon ground allspice$1 tablespoon ground cardamom$1/2 teaspoon ground cloves$2 cups dark beer$1 1/2 cups chopped walnuts$2 tablespoons all-purpose flour$2 cups dates, pitted and chopped$2 tablespoons minced fresh ginger root",246,57,25.0,60.0,85.0,350,175.0
87,http://allrecipes.com/recipe/218978/banana-apple-bread/,Banana Apple Bread,72,50,4.38888883590698,4.39,50,"2 3/4 cups all-purpose flour$2 teaspoons ground cinnamon$1 teaspoon baking soda$1/2 teaspoon salt$1 cup butter, melted$2 cups white sugar$4 eggs$1 cup plain Greek yogurt$1 1/2 teaspoons vanilla extract$3 large very ripe bananas, mashed$2 apples, cubed$3/4 cup chopped walnuts (optional)$1/2 cup packed brown sugar$1/2 cup white sugar$1 tablespoon ground cinnamon$1/4 cup all-purpose flour$3 tablespoons butter, softened$banana slices for garnish$apple slices for garnish",247,54,20.0,45.0,85.0,325,165.0
88,http://allrecipes.com/recipe/213007/banana-butterscotch-bread/,Banana Butterscotch Bread,51,35,4.40000009536743,4.40,35,"2 cups all-purpose flour$1 teaspoon baking powder$1/2 teaspoon baking soda$1/2 teaspoon salt$3/4 teaspoon ground cinnamon$1/2 teaspoon ground nutmeg$1/2 cup butter$3/4 cup white sugar$1 large egg$3 ripe bananas, mashed$3/4 cup butterscotch chips$1/2 cup chopped walnuts (optional)",159,45,15.0,25.0,160.0,350,175.0
89,http://allrecipes.com/recipe/41682/napoleons-banana-muffin/,Napoleon's Banana Muffin,40,38,4.53488349914551,4.53,38,"6 very ripe bananas, mashed$1/2 cup brown sugar$1/4 cup honey$1/4 cup spiced rum$1/4 cup cognac$3 cups all-purpose flour$1 teaspoon baking soda$2 teaspoons baking powder$1 teaspoon salt$1 1/2 cups white sugar$2/3 cup brown sugar$2 eggs, lightly beaten$10 tablespoons unsalted butter, melted$3 tablespoons butter$1 cup brown sugar$3 tablespoons all-purpose flour$2 teaspoons ground cinnamon",296,43,30.0,20.0,50.0,375,190.0
90,http://allrecipes.com/recipe/20196/banana-walnut-cornbread/,Banana Walnut Cornbread,37,39,4.04651165008545,4.05,39,"2 tablespoons honey$2 bananas, mashed$1/4 cup vegetable oil$1/2 cup milk$2 teaspoons vanilla extract$1 cup cornmeal$1 cup whole wheat pastry flour$1 tablespoon baking powder$1 teaspoon baking soda$1/2 teaspoon ground cinnamon$1 1/2 cups chopped walnuts$1 banana, sliced",381,43,10.0,50.0,60.0,350,175.0
91,http://allrecipes.com/recipe/216436/low-fat-banana-bread/,Low-Fat Banana Bread,73,38,4.64285707473755,4.64,38,"1 1/2 cups all-purpose flour$1 cup white sugar$1 teaspoon baking soda$1 teaspoon salt$1 egg$1/2 cup light mayonnaise$3 ripe bananas, mashed$1 teaspoon vanilla extract",171,42,10.0,45.0,120.0,350,175.0
92,http://allrecipes.com/recipe/231183/quick-banana-nut-bread/,Quick Banana Nut Bread,115,40,4.7857141494751,4.79,40,"1 serving cooking spray$1 (18.25 ounce) package yellow cake mix$1 cup chopped pecans$2 ripe bananas, mashed$1/2 cup water$1/2 cup vegetable oil$1 (3.5 ounce) package instant vanilla pudding mix$4 eggs",305,42,15.0,45.0,60.0,350,175.0
93,http://allrecipes.com/recipe/228442/raspberry-banana-bread/,Raspberry Banana Bread,97,32,4.68292665481567,4.68,32,"3/4 cup frozen unsweetened raspberries, thawed$1 ripe banana$1 1/2 cups all-purpose flour$3/4 teaspoon ground cinnamon$1/2 teaspoon baking soda$1/4 teaspoon salt$1/8 teaspoon ground nutmeg$1 cup white sugar$2 eggs$1/2 cup vegetable oil$1/2 teaspoon lemon extract",273,41,25.0,60.0,115.0,325,165.0
94,http://allrecipes.com/recipe/239725/banana-zucchini-bread-muffins/,Banana Zucchini Bread Muffins,86,35,4.57499980926514,4.57,35,"2 over-ripe bananas, mashed$1 1/2 cups white sugar$1 cup shredded zucchini$1 cup applesauce$3 eggs$1/2 cup packed brown sugar$1 teaspoon vanilla extract$2 cups all-purpose flour$1 cup whole wheat flour$1 tablespoon ground cinnamon$1 teaspoon salt$1 teaspoon baking soda$1/2 teaspoon baking powder$1/2 cup oats",101,40,15.0,20.0,35.0,350,175.0
95,http://allrecipes.com/recipe/15426/cranapana-bread/,Cranapana Bread,46,37,4.23684215545654,4.24,37,"2 1/2 cups self-rising flour$1 cup white sugar$2 tablespoons vegetable oil$3/4 cup milk$2 eggs, beaten$1 cup chopped cranberries$1 apple - peeled, cored, and chopped$1 banana, peeled and mashed",215,38,25.0,60.0,85.0,350,175.0
96,http://allrecipes.com/recipe/142527/amish-friendship-banana-nut-bread/,Amish Friendship Banana Nut Bread,39,28,4.77777767181396,4.78,28,1/2 cup shortening$4 large ripe bananas$2 cups Amish Friendship Bread Starter (see footnote for recipe link)$3 eggs$1/2 cup milk$1 cup white sugar$1 cup chopped walnuts$1 1/2 teaspoons baking powder$1/2 teaspoon baking soda$1/2 teaspoon salt$2 cups all-purpose flour,160,36,15.0,75.0,90.0,325,165.0
97,http://allrecipes.com/recipe/216774/angies-to-die-for-banana-bread/,Angie's To-Die-For Banana Bread,57,33,4.77142858505249,4.77,33,3 1/2 cups all-purpose flour$2 teaspoons baking soda$1 teaspoon salt$1/2 cup butter at room temperature$1/2 cup vegetable shortening$2 cups white sugar$1/2 cup brown sugar$4 ripe bananas$4 eggs$1 cup buttermilk$1/2 cup sour cream$2 1/2 teaspoons vanilla extract,311,35,,,,350,175.0
98,http://allrecipes.com/recipe/16705/banana-maple-nut-bread/,Banana Maple Nut Bread,36,28,3.36363625526428,3.36,28,"2 cups whole wheat flour$1/4 teaspoon salt$1/2 cup vegetable oil$1/2 cup pure maple syrup$4 eggs, separated$2 tablespoons milk$3 bananas, mashed$1/2 cup chopped walnuts",214,33,10.0,50.0,60.0,350,175.0
99,http://allrecipes.com/recipe/24519/brown-sugar-banana-nut-bread-ii/,Brown Sugar Banana Nut Bread II,31,30,3.60606050491333,3.61,30,"1/2 cup milk$2 tablespoons butter, softened$2 eggs$1/4 cup white sugar$1/4 cup brown sugar$1 1/2 cups all-purpose flour$1 teaspoon salt$1 teaspoon baking soda$1 (.25 ounce) package active dry yeast$2 small ripe bananas, sliced$1/2 cup chopped walnuts",167,33,5.0,90.0,95.0,,
100,http://allrecipes.com/recipe/23008/delicious-raisin-nut-banana-bread/,Delicious Raisin Nut Banana Bread,29,28,4.67741918563843,4.68,28,2 cups raisin nut bran cereal$1/2 cup milk$1 1/2 cups all-purpose flour$3 1/2 teaspoons baking powder$1 teaspoon baking soda$1/4 teaspoon salt$1 cup mashed ripe banana$1/2 cup white sugar$1/4 cup brown sugar$1/4 cup vegetable oil$1 egg,204,,15.0,55.0,70.0,350,175.0
101,http://allrecipes.com/recipe/216540/cranberry-banana-oat-bread/,Cranberry Banana Oat Bread,52,27,4.48387098312378,4.48,27,1 1/4 cups all-purpose flour$1 cup quick cooking oats$1 tablespoon baking powder$1/2 teaspoon salt$2 large eggs$1 1/4 cups mashed ripe bananas$2 tablespoons sour cream$1/3 cup melted butter$1/2 cup white sugar$3/4 cup dried cranberries$1/2 teaspoon lemon juice,254,31,15.0,45.0,120.0,350,175.0
102,http://allrecipes.com/recipe/218585/mommys-banana-bread/,Mommy's Banana Bread,61,25,4.64516115188599,4.65,25,"2 teaspoons butter$1 tablespoon white sugar$1 teaspoon ground cinnamon$2 cups all-purpose flour$1 tablespoon baking powder$1/2 teaspoon salt$1 teaspoon ground cinnamon$1/2 teaspoon ground nutmeg$1/2 cup butter, softened$1 cup white sugar$2 eggs$1 cup mashed ripe bananas$1/4 cup milk$1 teaspoon white sugar, or as needed",253,31,20.0,60.0,110.0,350,175.0
103,http://allrecipes.com/recipe/215623/bobras-banana-bread/,Bobra's Banana Bread,36,26,4.59999990463257,4.60,26,"3/4 cup whole wheat flour$3/4 cup all-purpose flour$1 teaspoon baking soda$1/2 teaspoon kosher salt, or to taste$1/2 teaspoon ground cinnamon$1/4 teaspoon ground nutmeg$1/2 cup butter, softened$1/2 cup white sugar$1 egg$1 teaspoon vanilla extract$3 ripe bananas$1/4 cup plain yogurt",229,30,20.0,50.0,100.0,350,175.0
104,http://allrecipes.com/recipe/147988/banana-bran-zucchini-bread/,Banana Bran Zucchini Bread,26,24,4.53333330154419,4.53,24,"1/4 cup canned pumpkin$1 very ripe banana, mashed$1 egg$2 egg whites$1 cup maple syrup$1/3 cup raw sugar, such as turbinado or demerara$1 tablespoon vanilla extract$2 cups grated unpeeled zucchini$2 cups whole wheat pastry flour$1 cup unprocessed bran$1 teaspoon salt$1 teaspoon baking soda$1/4 teaspoon baking powder$1 tablespoon ground cinnamon$1/2 teaspoon ground nutmeg$1/4 teaspoon ground cloves$1/4 teaspoon ground ginger$1/4 teaspoon ground allspice",109,30,30.0,50.0,200.0,350,175.0
105,http://allrecipes.com/recipe/17403/strawnana-smoothie-bread/,Strawnana Smoothie Bread,23,23,3.20000004768372,3.20,23,1/4 cup yogurt$3/4 cup chopped strawberries$1/4 cup milk$1 cup mashed banana$1 tablespoon orange juice$1 cup white sugar$1/2 teaspoon vanilla extract$1/4 teaspoon ground nutmeg$1 1/2 cups all-purpose flour$1/2 teaspoon baking powder$1/2 teaspoon baking soda,149,30,20.0,60.0,80.0,350,175.0
106,http://allrecipes.com/recipe/17601/the-greatest-banana-bread/,The Greatest Banana Bread,55,29,4.43333339691162,4.43,29,"1 3/4 cups all-purpose flour$1 cup white sugar$1 teaspoon baking soda$3 ripe bananas, mashed$2 eggs$1/2 cup vegetable oil$5 tablespoons buttermilk$1 teaspoon vanilla extract$1/2 cup chopped walnuts",286,30,20.0,80.0,110.0,325,165.0
107,http://allrecipes.com/recipe/24931/nutty-banana-bread/,Nutty Banana Bread,26,24,4.44827604293823,4.45,24,"3 cups all-purpose flour$2 teaspoons baking soda$1/2 teaspoon salt$10 bananas, mashed$3/4 cup butter, softened$1 cup brown sugar$3 eggs, beaten$3/4 cup walnut halves or pieces$1/4 cup pecan halves or pieces",215,29,15.0,45.0,60.0,350,175.0
108,http://allrecipes.com/recipe/212769/cranberry-pumpkin-banana-bread/,Cranberry Pumpkin Banana Bread,39,24,4.72413778305054,4.72,24,"1 1/2 cups all-purpose flour$1 1/4 teaspoons baking soda$1 teaspoon salt$1 teaspoon ground cinnamon$1/2 teaspoon ground nutmeg$1 tablespoon butter, softened$1 cup packed brown sugar$1 cup solid pack pumpkin puree$1/2 cup whole cranberry sauce$1 egg$1 banana, mashed",175,29,20.0,60.0,80.0,350,175.0
109,http://allrecipes.com/recipe/7242/cardamom-banana-bread/,Cardamom Banana Bread,1,25,4,4.00,25,"2/3 cup raisins$1/3 cup dark rum$3 ripe bananas, mashed$3/4 cup packed brown sugar$1/3 cup canola oil$2 eggs$1 cup all-purpose flour$3/4 cup whole wheat flour$1 teaspoon baking powder$1 teaspoon baking soda$1 teaspoon salt$1 teaspoon ground cardamom$1/2 cup chopped walnuts, toasted",281,28,20.0,60.0,80.0,350,175.0
110,http://allrecipes.com/recipe/166496/ozs-banana-nut-and-raisin-bread-for-abm/,Oz's Banana-Nut and Raisin Bread for ABM,40,23,3.53846144676209,3.54,23,"1 cup milk, room temperature$2 tablespoons butter, softened$2 ripe bananas$3 1/2 cups all-purpose flour$2 tablespoons white sugar$1 teaspoon salt$1 teaspoon ground cinnamon$2 1/2 teaspoons active dry yeast or bread machine yeast$1/2 cup raisins$1/2 cup walnuts",179,26,5.0,170.0,175.0,,
111,http://allrecipes.com/recipe/214760/roasted-pecan-banana-bread-loaves/,Roasted Pecan Banana Bread Loaves,33,22,4.80000019073486,4.80,22,"3/4 cup chopped pecans$1 1/2 cups all-purpose flour$1 teaspoon baking soda$1 teaspoon baking powder$1/4 teaspoon salt$1 1/2 cups very ripe, mashed bananas$1 cup white sugar$2 large eggs$1 1/2 teaspoons vanilla extract$1/2 teaspoon coconut extract$2 tablespoons lemon juice$1/2 cup light butter, at room temperature",181,25,15.0,75.0,95.0,275,135.0
112,http://allrecipes.com/recipe/236474/salted-caramel-banana-bread/,Salted Caramel Banana Bread,50,18,4.45833349227905,4.46,18,"cooking spray$Bread:$2 cups all-purpose flour$1 tablespoon baking powder$1/2 teaspoon kosher salt$1/2 cup unsalted butter, softened$1 cup packed light brown sugar$2 eggs$3 ripe bananas, mashed$1 tablespoon vanilla extract$Glaze:$1/4 cup packed light brown sugar$2 tablespoons unsalted butter$2 tablespoons heavy whipping cream$1/3 cup confectioners' sugar$1/4 teaspoon kosher salt",312,24,15.0,45.0,80.0,350,175.0
113,http://allrecipes.com/recipe/6775/mrs-kurtzs-banana-bread/,Mrs. Kurtz's Banana Bread,12,19,4.66666650772095,4.67,19,"1/4 cup margarine, softened$1 cup white sugar$1 egg$1 1/2 cups mashed bananas$1/4 cup sour milk$3/4 teaspoon baking soda$1 1/2 cups all-purpose flour$1/4 teaspoon salt",188,,10.0,60.0,70.0,325,165.0
114,http://allrecipes.com/recipe/6747/lower-fat-banana-nut-bread/,Lower Fat Banana Nut Bread,3,17,4.1304349899292,4.13,17,"3/4 cup fat free sour cream$4 egg whites$1/4 cup chopped walnuts$1/3 cup raisins (optional)$2 teaspoons baking powder$2 teaspoons baking soda$6 very ripe bananas, mashed$2 tablespoons reduced fat margarine$1 tablespoon vanilla extract$1 teaspoon salt$2/3 cup packed light brown sugar$4 cups unbleached all-purpose flour",188,23,,,,375,190.0
115,http://allrecipes.com/recipe/235521/grain-free-banana-bread/,Grain Free Banana Bread,49,19,4.68181800842285,4.68,19,"3 ripe bananas$1 (15 ounce) can chickpeas (garbanzo beans), drained and rinsed$1/2 cup melted butter$1/2 cup chopped pitted dates$1/2 cup almond flour$1/4 cup honey$4 eggs$1 teaspoon baking soda$1 teaspoon grated fresh ginger$1 teaspoon ground cinnamon$1 teaspoon vanilla extract$3/4 teaspoon salt",190,22,15.0,60.0,90.0,350,175.0
116,http://allrecipes.com/recipe/232380/simple-peanut-butter-banana-bread/,Simple Peanut Butter Banana Bread,43,21,4.40909099578857,4.41,21,3/4 cup peanut butter$1/3 cup shortening$2/3 cup white sugar$1 cup mashed very ripe banana$2 eggs$1 3/4 cups all-purpose flour$2 teaspoons baking powder$1/2 teaspoon salt$1/4 teaspoon baking soda$1/4 cup buttermilk,336,22,20.0,60.0,80.0,350,175.0
117,http://allrecipes.com/recipe/135490/banana-bread-with-oat-streusel-topping/,Banana Bread with Oat-Streusel Topping,23,18,4.13636350631714,4.14,18,"1/4 cup cold butter, cut into small pieces$1/2 cup all-purpose flour$1/4 cup packed brown sugar$1 teaspoon ground cinnamon$1/2 cup quick cooking oats$1 1/4 cups white sugar$1/2 cup butter, softened$2 eggs$3 ripe bananas, mashed$1/2 cup buttermilk$1 teaspoon vanilla extract$2 1/2 cups all-purpose flour$2 teaspoons pumpkin pie spice$2 teaspoons baking powder$1/2 teaspoon ground cinnamon$1 cup chopped nuts (optional)",327,22,20.0,75.0,125.0,350,175.0
118,http://allrecipes.com/recipe/239246/banana-walnut-bread/,Banana Walnut Bread,57,19,4.13636350631714,4.14,19,1 1/4 cups all-purpose flour$1/2 cup sugar$2 teaspoons Argo® Baking Powder$1/4 teaspoon salt$1 egg$3/4 cup mashed bananas$1/2 cup Mazola® Corn Oil$1/2 teaspoon Spice Islands® Pure Vanilla Extract$1/2 cup chopped walnuts$As needed Mazola® Pure No-Stick Canola or Butter Flavored Cooking Spray (optional),210,22,10.0,35.0,45.0,350,
119,http://allrecipes.com/recipe/143084/simply-delicious-banana-crumb-bread/,Simply Delicious Banana Crumb Bread,21,20,3.71428561210632,3.71,20,"1 1/2 cups all-purpose flour$1 cup white sugar$1 1/2 teaspoons baking powder$1/2 cup shortening$2 eggs$1 cup milk$1 teaspoon almond extract$1 teaspoon ground cinnamon$1 very ripe banana, mashed$3/4 cup all-purpose flour$1/2 cup brown sugar, packed$1 cup quick-cooking rolled oats$1/2 teaspoon ground cinnamon$1/2 cup cold butter",464,21,15.0,45.0,60.0,350,175.0
120,http://allrecipes.com/recipe/6712/brazilian-banana-bread/,Brazilian Banana Bread,8,16,4.14285707473755,4.14,16,3 tablespoons margarine$2 cups white sugar$3 egg yolks$3 cups all-purpose flour$1 tablespoon baking powder$1 cup milk$3 egg whites$6 bananas$2 tablespoons white sugar$1 teaspoon ground cinnamon,355,21,25.0,35.0,60.0,350,175.0
121,http://allrecipes.com/recipe/237470/ginger-banana-bread/,Ginger Banana Bread,43,18,4.73684215545654,4.74,18,"2 cups all-purpose flour$1 teaspoon baking soda$1 teaspoon ground cinnamon$1/4 teaspoon ground nutmeg$1/4 teaspoon ground ginger$1/4 teaspoon salt$1/2 cup butter, softened$1/2 cup white sugar$1/2 cup brown sugar$2 1/3 cups mashed overripe bananas$2 eggs, beaten$1 tablespoon lemon juice$1 teaspoon vanilla extract",264,,15.0,60.0,85.0,350,175.0
122,http://allrecipes.com/recipe/7090/banana-macadamia-nut-bread/,Banana Macadamia Nut Bread,2,14,3.38888883590698,3.39,14,"2/3 cup warm water (110 degrees F/45 degrees C)$3/4 cup mashed bananas$2 tablespoons margarine, softened$1 egg$3 1/4 cups bread flour$3 tablespoons white sugar$1 1/4 teaspoons salt$2 3/4 teaspoons active dry yeast$1/2 cup chopped macadamia nuts",224,18,5.0,180.0,185.0,,
123,http://allrecipes.com/recipe/234521/paleo-chocolate-and-cinnamon-banana-bread/,Paleo Chocolate and Cinnamon Banana Bread,45,15,4.44444465637207,4.44,15,"1 cup semi-sweet chocolate chunks$1 tablespoon unsalted butter$1 teaspoon coconut oil, or more as needed$2 tablespoons ground cinnamon$1 cup mashed ripe bananas$1/2 cup coconut flour$1 teaspoon baking soda$1/8 teaspoon sea salt$1/2 cup almond butter$4 eggs$1 teaspoon coconut oil",294,18,15.0,55.0,70.0,350,175.0
124,http://allrecipes.com/recipe/231961/double-banana-nut-bread/,Double Banana Nut Bread,57,16,4.22222232818604,4.22,16,"1 1/3 cups vegetable oil$2 cups white sugar$4 eggs, whisked$5 cups mashed bananas$1 tablespoon lemon juice$4 cups all-purpose flour$2 tablespoons baking powder$1 teaspoon salt$2 cups chopped walnuts",366,18,20.0,75.0,95.0,350,175.0
125,http://allrecipes.com/recipe/222147/healthier-banana-sour-cream-bread/,Healthier Banana Sour Cream Bread,29,15,4.5,4.50,15,"2 tablespoons white sugar$1 teaspoon ground cinnamon$1/2 cup butter$1 1/2 cups white sugar$3 eggs$6 very ripe bananas, mashed$1 (16 ounce) container reduced fat sour cream$2 teaspoons vanilla extract$2 teaspoons ground cinnamon$1/2 teaspoon salt$3 teaspoons baking soda$2 1/2 cups all-purpose flour$2 cups white whole wheat flour$1 cup chopped walnuts (optional)",196,18,10.0,60.0,70.0,300,150.0
126,http://allrecipes.com/recipe/74845/moist-banana-raisin-bread/,Moist Banana Raisin Bread,18,14,3.47058820724487,3.47,14,"1 1/2 tablespoons butter, melted$1/3 cup white sugar$1/3 cup peanut butter$1 egg, lightly beaten$1 ripe banana, mashed$1 1/2 tablespoons milk$1 cup all-purpose flour$1/2 teaspoon baking powder$1/4 teaspoon baking soda$1 dash salt$1/2 cup raisins$1/4 cup chopped roasted peanuts",168,17,15.0,45.0,60.0,350,175.0
127,http://allrecipes.com/recipe/154339/fig-and-banana-loaf/,Fig and Banana Loaf,20,12,4.25,4.25,12,"2 eggs$1 cup soy milk$1/2 cup firmly packed brown sugar$2 tablespoons olive oil$1 1/3 cups mashed ripe bananas$2 1/2 cups whole wheat flour$1 tablespoon baking powder$1 teaspoon salt$1 teaspoon cinnamon$1 cup dried figs, chopped",137,16,20.0,55.0,75.0,350,175.0
128,http://allrecipes.com/recipe/223066/blueberry-banana-nut-bread/,Blueberry Banana Nut Bread,32,11,4.5,4.50,11,1 1/2 cups fresh blueberries$2 tablespoons cake flour$1/2 cup steel-cut oats$1/2 cup chopped pecans$1 1/2 cups cake flour$3 tablespoons cake flour$1 teaspoon baking soda$1/4 teaspoon salt$1/2 cup white sugar$1/2 cup brown sugar$1/4 cup Greek yogurt$1/4 cup applesauce$2 eggs$1 teaspoon vanilla extract$1 cup mashed banana$2 tablespoons cold butter$1/4 cup brown sugar,265,16,20.0,55.0,150.0,350,175.0
129,http://allrecipes.com/recipe/239454/banana-bread-from-motts/,Banana Bread from Mott's®,20,15,3.53333330154419,3.53,15,"1/2 cup Mott's® Natural Applesauce$2 1/2 cups all-purpose flour$2 teaspoons baking powder$2 teaspoons baking soda$1/2 teaspoon ground allspice$4 medium ripe bananas, mashed$1 cup sugar$3 egg whites$2 tablespoons vegetable oil$1 teaspoon vanilla extract",169,15,,,,375,
130,http://allrecipes.com/recipe/21435/oatmeal-banana-cinnamon-bread/,Oatmeal Banana Cinnamon Bread,18,14,3.28571438789368,3.29,14,1/2 cup water$3/4 cup mashed banana$2 tablespoons vegetable oil$1 teaspoon butter flavored extract$1 teaspoon vanilla extract$1/2 teaspoon orange extract$1 cup rolled oats$1 teaspoon salt$1 tablespoon white sugar$1 teaspoon grated orange zest$1/2 teaspoon ground cinnamon$1/4 teaspoon ground nutmeg$2 cups bread flour$1 1/2 teaspoons active dry yeast,148,14,10.0,180.0,190.0,,
131,http://allrecipes.com/recipe/215139/banana-plum-bread/,Banana Plum Bread,19,10,4.07692289352417,4.08,10,"1/2 cup white sugar$1/2 cup margarine, softened$2 eggs$2 3/4 cups all-purpose flour$1 1/2 teaspoons baking powder$1/2 teaspoon baking soda$1 1/2 cups mashed ripe bananas$1 cup plums, pitted and chopped",247,13,25.0,60.0,85.0,350,175.0
132,http://allrecipes.com/recipe/7035/basic-fruit-bread-recipe/,Basic Fruit Bread Recipe,4,12,3.61538457870483,3.62,12,3 cups all-purpose flour$2 teaspoons baking powder$1 teaspoon baking soda$1/2 teaspoon salt$1 cup white sugar$1/2 cup vegetable oil$2 eggs$1 cup shredded apple$3/4 cup chopped walnuts$1/2 teaspoon vanilla extract,391,13,10.0,40.0,50.0,350,175.0
133,http://allrecipes.com/recipe/20662/delicious-raisin-nut-banana-bread/,Delicious Raisin Nut Banana Bread,10,9,4.09999990463257,4.10,9,"2 cups raisin nut bran cereal$1/2 cup milk$1/4 cup vegetable oil$1 egg, beaten$1 1/2 cups all-purpose flour$1/2 cup white sugar$1/4 cup brown sugar$3 1/2 teaspoons baking powder$1 teaspoon baking soda$1/4 teaspoon salt$1 cup mashed banana",208,10,15.0,55.0,70.0,350,175.0
134,http://allrecipes.com/recipe/229003/banana-peach-bread/,Banana Peach Bread,20,7,4.59999990463257,4.60,7,"3/4 cup white sugar$1/2 cup butter, softened$1 tablespoon brown sugar$1 tablespoon instant hot chocolate mix$3 bananas, peeled$1 large fresh peach - peeled, pitted, and diced$1/4 cup milk$2 eggs$1 tablespoon vanilla extract$2 cups all-purpose flour$1/2 cup chopped walnuts (optional)$1 teaspoon baking soda$1 teaspoon salt",208,,20.0,50.0,130.0,350,175.0
135,http://allrecipes.com/recipe/219814/dads-banana-nut-bread/,Dad's Banana Nut Bread,20,10,4.90000009536743,4.90,10,"1/2 cup butter, softened$1 cup white sugar$2 eggs$2 very ripe bananas, mashed$1 cup self-rising flour$1/4 cup flax seed meal$1/2 cup chopped walnuts (optional)",182,,20.0,60.0,140.0,325,165.0
136,http://allrecipes.com/recipe/240750/moms-carrot-banana-bread/,Mom's Carrot Banana Bread,31,10,3.70000004768372,3.70,10,"2 cups all-purpose flour$1 teaspoon baking soda$1/2 teaspoon baking powder$1/2 teaspoon ground cinnamon$1/4 teaspoon salt$1 cup brown sugar$1/2 cup butter, softened$3 bananas, mashed$1 cup grated carrots$1 cup walnuts",298,10,15.0,50.0,65.0,350,175.0
137,http://allrecipes.com/recipe/241552/buttermilk-banana-bread/,Buttermilk Banana Bread,35,9,4.40000009536743,4.40,9,"2 cups flour$1 teaspoon baking soda$1/2 teaspoon ground cinnamon$1 1/4 cups white sugar$1/2 cup shortening$2 egg, beaten$1 cup mashed ripe banana$1 teaspoon vanilla extract$1/2 cup buttermilk",266,,15.0,60.0,85.0,350,175.0
138,http://allrecipes.com/recipe/247087/honey-spice-whole-wheat-banana-bread/,Honey-Spice Whole Wheat Banana Bread,18,8,4.77777767181396,4.78,8,"1 1/4 cups walnuts$1 1/2 cups whole wheat flour$1/2 cup all-purpose flour$1 teaspoon ground cinnamon$3/4 teaspoon baking soda$1/2 teaspoon salt$1/4 teaspoon ground nutmeg$1 1/2 cups mashed overripe bananas, or more to taste$1/2 cup raw honey$2 eggs, lightly beaten$1/4 cup plain yogurt$1/4 cup coconut oil, melted and cooled$2 tablespoons butter, melted and cooled$1 teaspoon vanilla extract",293,,15.0,60.0,75.0,350,175.0
139,http://allrecipes.com/recipe/219815/quick-mix-banana-nut-bread/,Quick Mix Banana Nut Bread,23,7,4.11111116409302,4.11,7,"1 tablespoon cider vinegar$3 tablespoons milk$1/2 cup butter, softened$1 cup white sugar$3 ripe bananas, sliced$2 cups all-purpose flour$2 teaspoons baking soda$1 cup chopped walnuts$2 eggs, beaten",234,9,15.0,45.0,120.0,325,165.0
140,http://allrecipes.com/recipe/216466/breakfast-banana-cake/,Breakfast Banana Cake,10,9,3.55555558204651,3.56,9,"1 1/2 cups all-purpose flour$1/2 cup rolled oats$1 teaspoon baking soda$1 teaspoon salt$1 teaspoon ground cinnamon, or to taste$1/2 cup brown sugar$2 eggs, beaten$1 cup bananas, sliced$1 teaspoon vanilla extract$1 tablespoon grated orange zest$1/2 cup melted butter$1/4 cup flaked coconut$1/4 cup sliced almonds, or as needed",341,9,20.0,35.0,120.0,325,165.0
141,http://allrecipes.com/recipe/218721/bates-banana-bread/,Bates Banana Bread,16,7,4.5,4.50,7,"1 1/4 cups brown sugar$1/2 cup butter, softened$2 eggs$5 very ripe bananas, mashed$2 teaspoons lemon juice$1/2 cup milk$2 teaspoons vanilla extract$2 1/2 cups all-purpose flour$1 teaspoon baking soda$1 teaspoon salt$1 teaspoon ground cinnamon$1/2 cup white sugar$1/3 cup all-purpose flour$1/4 cup unsalted butter, cubed$1 1/2 teaspoons ground cinnamon",182,8,15.0,45.0,60.0,350,175.0
142,http://allrecipes.com/recipe/236593/gluten-free-moist-choc-chip-banana-bread/,Gluten-Free Moist Choc Chip Banana Bread,26,8,4,4.00,8,"1 1/2 cups white sugar$1/2 cup applesauce$3 ripe bananas, pureed$1/2 cup plain fat-free Greek yogurt$1 egg$1 teaspoon vanilla extract$2 cups gluten-free all-purpose baking flour (such as Bob's Red Mill®)$2 teaspoons xanthan gum$1 teaspoon baking powder$1 teaspoon baking soda$1/2 cup miniature chocolate chips, or more to taste$1 cup chopped walnuts (optional)",292,8,15.0,45.0,60.0,350,175.0
143,http://allrecipes.com/recipe/233752/banana-strawberry-oat-bread/,Banana Strawberry Oat Bread,11,7,3.28571438789368,3.29,7,"2 cups quartered strawberries$1 tablespoon white sugar, or to taste$1 1/3 cups whole wheat flour$3/4 cup all-purpose flour$1/2 cup rolled oats$2/3 cup white sugar$2 teaspoons baking powder$1 teaspoon ground cinnamon$2 bananas, slightly mashed$4 eggs$3 tablespoons olive oil$2 teaspoons vanilla extract",130,7,15.0,25.0,40.0,375,190.0
144,http://allrecipes.com/recipe/7094/banana-nut-oatmeal-bread/,Banana Nut Oatmeal Bread,5,7,2.71428561210632,2.71,7,1/3 cup steel cut oats$1/3 cup boiling water$1/4 cup warm water (110 degrees F/45 degrees C)$1 egg$2 tablespoons vegetable oil$1 cup mashed bananas$3 tablespoons brown sugar$1 1/2 teaspoons salt$1/4 cup powdered buttermilk$1 cup quick cooking oats$2 1/2 cups all-purpose flour$2 teaspoons active dry yeast$1/2 cup chopped walnuts,236,7,5.0,180.0,185.0,,
145,http://allrecipes.com/recipe/235224/cherry-pineapple-banana-bread/,Cherry Pineapple Banana Bread ,23,6,4.16666650772095,4.17,6,"1 cup white sugar$1/2 cup brown sugar$1/4 cup butter, softened$1/4 cup applesauce$1 egg$2 egg whites$1 cup mashed ripe bananas$1 teaspoon vanilla extract$1/2 teaspoon ground cinnamon$2 cups self-rising flour$1/2 cup buttermilk$1 (8 ounce) can crushed pineapple, drained$1/2 cup chopped maraschino cherries",99,6,20.0,45.0,75.0,350,175.0
146,http://allrecipes.com/recipe/236059/favorite-banana-bread/,Favorite Banana Bread,35,6,4.33333349227905,4.33,6,"2 1/4 cups all-purpose flour$1 1/2 teaspoons CALUMET Baking Powder$1/2 teaspoon baking soda$1 (8 ounce) package PHILADELPHIA Cream Cheese, softened$1/4 cup butter, softened$1 cup sugar$1 cup mashed fully ripe bananas$2 eggs$1 cup chopped PLANTERS Walnuts",248,6,,,,350,
147,http://allrecipes.com/recipe/231284/whiskey-and-bacon-banana-bread/,Whiskey and Bacon Banana Bread,7,6,4.16666650772095,4.17,6,butter-flavored cooking spray (such as Pam®)$3 very ripe bananas$1 tablespoon vanilla extract$1 tablespoon banana extract$1 1/2 fluid ounces whiskey and honey liqueur (such as Jack Daniel's Tennessee Honey®)$1 cup butter$2 cups white sugar$4 eggs$3 tablespoons bacon drippings$5 slices cooked bacon$2 1/4 cups all-purpose flour$1 teaspoon baking soda$1 teaspoon salt$1/2 teaspoon baking powder,367,6,15.0,45.0,60.0,325,165.0
148,http://allrecipes.com/recipe/204768/blueberry-upside-down-banana-nut-bread/,Blueberry Upside-Down Banana Nut Bread,7,5,4,4.00,5,"1/2 cup canola oil$1/3 cup cold water$3 eggs$1 egg white$2 large bananas, mashed$1 cup white sugar$2 cups all-purpose flour$1 1/2 teaspoons baking soda$1 teaspoon salt$2 tablespoons flax seeds$1/4 cup chopped pecans$1 pint fresh blueberries$1/4 cup white sugar",320,,20.0,45.0,185.0,350,175.0
149,http://allrecipes.com/recipe/214582/my-aunts-banana-bread/,My Aunt's Banana Bread,5,5,3,3.00,5,"3 ripe bananas, mashed$1 teaspoon distilled white vinegar$1 1/2 cups white sugar$1/2 cup butter, softened$2 eggs, beaten$2 1/4 cups all-purpose flour$3/4 teaspoon baking soda$1/2 teaspoon baking powder$1/2 teaspoon salt$1/2 cup chopped walnuts (optional)$1/2 cup chocolate chips (optional)",354,,15.0,50.0,85.0,350,175.0
150,http://allrecipes.com/recipe/223067/best-hawaiian-banana-nut-bread/,Best Hawaiian Banana Nut Bread,14,4,4.59999990463257,4.60,4,"2 cups all-purpose flour$1 1/4 cups white sugar$1 tablespoon light brown sugar$3/4 teaspoon baking soda$3/4 teaspoon ground cinnamon$1/2 teaspoon baking powder$1/2 teaspoon salt$1 1/3 cups mashed bananas$2/3 cup canola oil$2/3 cup crushed pineapple, drained$2/3 cup flaked coconut$1/4 cup chopped walnuts$1/4 cup chopped macadamia nuts$2 eggs, well beaten$4 teaspoons applesauce$1 1/2 teaspoons vanilla extract$1 teaspoon lemon extract$1/2 teaspoon coconut extract$2 tablespoons butter, at room temperature$1/4 cup white sugar$1/4 cup chopped walnuts$1/4 cup chopped macadamia nuts$1 teaspoon milk",441,,30.0,70.0,130.0,350,175.0
151,http://allrecipes.com/recipe/242330/paleo-sunflower-banana-bread/,Paleo Sunflower Banana Bread,15,5,4.19999980926514,4.20,5,"1/2 cup coconut flour$1 teaspoon baking soda$1 teaspoon baking powder$1 teaspoon ground cinnamon, or more to taste$1/4 teaspoon salt$3 ripe bananas$6 eggs$1/4 cup coconut sugar, and more for topping$1 teaspoon alcohol-free vanilla extract$1/3 cup sunflower seeds",148,,15.0,45.0,80.0,350,175.0
152,http://allrecipes.com/recipe/242243/vegan-banana-bread/,Vegan Banana Bread,15,3,5,5.00,3,"2 1/2 cups pecan halves$1 1/2 cups rolled oats$6 large over-ripe bananas, mashed$1 cup cane sugar$1 3/4 cups white whole wheat flour$1 tablespoon baking powder$1/2 cup coconut oil, melted$1 teaspoon sea salt",218,,15.0,45.0,60.0,350,175.0
153,http://allrecipes.com/recipe/230483/nutty-banana-chocolate-chip-bread/,Nutty Banana Chocolate Chip Bread,3,4,4.25,4.25,4,"3/4 cup unbleached all-purpose flour$3/4 cup whole wheat flour$1/4 cup milled flax seed$1 teaspoon baking powder$1 teaspoon baking soda$1 teaspoon salt$1 teaspoon ground cinnamon$1/2 teaspoon ground cloves$1/4 teaspoon ground nutmeg$1/2 cup butter, at room temperature$1/2 cup brown sugar$1/2 cup granular sucralose sweetener (such as Splenda®)$2 eggs$1 teaspoon vanilla extract$1 teaspoon lemon juice$1/2 cup nonfat plain yogurt$3 medium bananas, mashed$1/2 cup chopped walnuts$1/2 cup miniature semisweet chocolate chips (optional)$1 tablespoon chopped walnuts$1 tablespoon miniature semisweet chocolate chips",348,,15.0,70.0,85.0,325,165.0
154,http://allrecipes.com/recipe/232379/whole-wheat-peanut-butter-banana-bread/,Whole Wheat Peanut Butter Banana Bread,5,4,4.5,4.50,4,2 cups mashed bananas$1/2 cup honey$1/4 cup vegetable oil$2 eggs$2 tablespoons reduced-fat peanut butter$1 teaspoon vanilla extract$1 cup whole wheat pastry flour$1 cup whole wheat bread flour$3/4 cup wheat germ$1 teaspoon salt$1 teaspoon baking soda,231,,20.0,60.0,110.0,350,175.0
155,http://allrecipes.com/recipe/231317/bitter-chocolate-lavender-and-banana-tea-loaf/,"Bitter Chocolate, Lavender, and Banana Tea Loaf",2,3,5,5.00,3,"1 cup mashed banana$3/4 cup white sugar$1/2 cup butter, softened$1/2 cup vegetable shortening$2 large eggs$2 teaspoons grated fresh orange zest$2 teaspoons dried orange peel$1 teaspoon grated nutmeg$1 teaspoon vanilla extract$2 cups all-purpose flour$1 tablespoon baking powder$1/2 cup chopped bitter chocolate$1 teaspoon dried lavender flowers$1 tablespoon coarse sugar for decorating (optional)",442,,25.0,60.0,85.0,350,175.0
156,http://allrecipes.com/recipe/228138/powerhouse-banana-bread/,Powerhouse Banana Bread,7,3,4.66666650772095,4.67,3,"1 tablespoon white sugar (optional)$2 teaspoons ground cinnamon (optional)$2 cups whole wheat flour$1 1/2 cups quick cooking oats$1 cup all-purpose flour$1 tablespoon baking soda$1 1/2 teaspoons ground cinnamon$1/2 teaspoon salt$2 cups dark brown sugar, packed$3/4 cup butter$1 (16 ounce) container sour cream$6 very ripe bananas, mashed$3 eggs$2 1/2 teaspoons vanilla extract$2 cups chopped dates$1 cup chopped walnuts$1/2 cup toasted flake coconut (optional)$1/4 cup dark brown sugar, divided$2 tablespoons chopped dates, divided$2 tablespoons chopped walnuts, divided$2 tablespoons toasted flake coconut, divided (optional)$1 tablespoon butter, melted (optional)",374,,20.0,60.0,80.0,300,150.0
157,http://allrecipes.com/recipe/219863/melted-banana-bread/,Melted Banana Bread,4,3,3,3.00,3,"1 1/3 cups flour$1/2 teaspoon salt$1/2 teaspoon baking soda$1/4 teaspoon baking powder$5 1/3 tablespoons Melt® Organic Buttery Spread$2/3 cup sugar (slightly less--see directions)$2 large eggs, lightly beaten$1 cup mashed ripe bananas$1 cup milk chocolate or semi-sweet chocolate chips",270,,,,,350,
158,http://allrecipes.com/recipe/142736/microwave-tofu-banana-bread/,Microwave Tofu Banana Bread,3,3,3.33333325386047,3.33,3,1/2 (12 ounce) package silken tofu$2 ripe bananas$2 tablespoons miniature chocolate chips$1 cup pancake mix,459,,10.0,3.0,13.0,,
159,http://allrecipes.com/recipe/238514/gluten-free-banana-bread/,Gluten-Free Banana Bread,12,3,4.33333349227905,4.33,3,"1 teaspoon margarine, or as needed, softened$3/4 cup almond milk$1 tablespoon vinegar$1 1/4 cups rice flour$1/2 cup brown sugar$1/4 cup amaranth flour$1/4 cup soy flour$1/4 cup flax seed meal$1 teaspoon baking powder$1 teaspoon baking soda$1 teaspoon sea salt$2 large bananas, mashed$1 egg, beaten$1 tablespoon coconut oil, melted",223,,15.0,35.0,50.0,350,175.0
160,http://allrecipes.com/recipe/256401/cream-cheese-banana-bread/,Cream Cheese Banana Bread,7,3,4,4.00,3,"cooking spray$Banana Bread:$1/2 cup unsalted butter, melted$1/2 cup light brown sugar$1 egg$1/4 cup sour cream$1/4 cup white sugar$1 teaspoon vanilla extract$2 ripe bananas$1 cup all-purpose flour$1/2 teaspoon baking soda$1/2 teaspoon baking powder$1/2 teaspoon salt$Cream Cheese Filling:$1 (4 ounce) package cream cheese, softened$1 egg$1/4 cup white sugar$3 tablespoons all-purpose flour",381,,20.0,50.0,75.0,350,175.0
161,http://allrecipes.com/recipe/256564/gluten-free-banana-bread-made-easy/,Gluten-Free Banana Bread Made Easy,3,1,4,4.00,1,3 large ripe bananas$1 egg$1 1/3 cups gluten-free all purpose baking flour$1/4 cup honey$1/4 cup vegetable oil$1/4 cup flaxseed meal$1 tablespoon bourbon vanilla extract$2 1/2 teaspoons baking powder$1 teaspoon baking soda$1/2 teaspoon xanthan gum$1/2 teaspoon ground nutmeg$1 dash salt$1/2 cup chopped pecans,237,,10.0,50.0,60.0,350,175.0
162,http://allrecipes.com/recipe/256693/dark-chocolate-marbled-banana-bread-with-greek-yogurt/,Dark Chocolate Marbled Banana Bread with Greek Yogurt,14,2,5,5.00,2,"1 1/2 cups all-purpose flour$1 teaspoon baking soda$1/4 teaspoon salt$5 tablespoons hot water$1/4 cup cocoa powder$2 large overripe bananas, mashed$1/2 cup Greek yogurt$1/2 cup butter, melted$1/2 cup brown sugar$2 eggs, beaten$1 tablespoon vanilla extract",250,,20.0,55.0,75.0,350,175.0
163,http://allrecipes.com/recipe/247088/whole-wheat-banana-bread-with-flaxseed-and-oats/,Whole Wheat Banana Bread with Flaxseed and Oats,4,2,3,3.00,2,"1 1/2 cups whole wheat flour$2/3 cup brown sugar$1/2 cup flaxseed meal$1/3 cup rolled oats$2 tablespoons white sugar$1/2 teaspoon baking powder$1/2 teaspoon baking soda$1/8 teaspoon salt$2 eggs$6 tablespoons butter, melted$1/3 cup buttermilk$1 tablespoon buttermilk$1 teaspoon vanilla extract$3 bananas, mashed",216,,10.0,50.0,90.0,350,175.0
164,http://allrecipes.com/recipe/247086/very-banana-y-whole-wheat-banana-bread/,Very Banana-y Whole Wheat Banana Bread,8,2,4,4.00,2,1/2 cup lightly packed brown sugar$2 tablespoons olive oil$3 eggs$1/3 cup unsweetened applesauce$1 teaspoon vanilla extract$1 3/4 cups mashed bananas$1 3/4 cups whole wheat flour$1 teaspoon baking soda$1/2 cup chopped walnuts,185,,15.0,60.0,105.0,325,165.0
165,http://allrecipes.com/recipe/238561/organic-banana-bread/,Organic Banana Bread,1,1,4.5,4.50,1,"3 over-ripe bananas, mashed$2 eggs$3 tablespoons canola oil$1 teaspoon ground cinnamon$2 cups whole wheat pastry flour$1 cup chopped walnuts$1/2 cup dark chocolate chunks (optional)$3/4 cup white sugar$1 teaspoon baking powder$1/2 teaspoon baking soda$1/2 teaspoon vanilla extract",205,,10.0,90.0,100.0,,
166,http://allrecipes.com/recipe/231864/sugar-free-banana-bread/,Sugar Free Banana Bread,7,2,4.5,4.50,2,"1 cup all-purpose flour$1 cup rice flour$1/4 cup stevia powder, or to taste$1 tablespoon baking powder$1/2 teaspoon baking soda$1 pinch salt$3 ripe bananas, mashed$3/4 cup unsweetened almond milk$1/4 cup vegetable oil$1 egg$3/4 cup pine nuts (optional)$1/4 cup flax seeds (optional)",463,,15.0,60.0,75.0,350,175.0
167,http://allrecipes.com/recipe/257243/the-best-moist-lotus-cookie-butter-banana-bread-recipe-ever/,The Best Moist Lotus Cookie Butter Banana Bread Recipe Ever,1,1,4,4.00,1,"cooking spray$1 cup white sugar$1/2 cup butter, softened$6 ripe bananas, mashed$2 eggs, beaten$1 1/2 cups cake flour$3 tablespoons cake flour$1 teaspoon baking soda$1/2 teaspoon salt$1/2 teaspoon vanilla extract$1/2 cup European cookie spread (such as Biscoff®)",327,,20.0,50.0,85.0,350,175.0
168,http://allrecipes.com/recipe/257403/delicious-whole-grain-banana-bread/,Delicious Whole Grain Banana Bread,3,1,5,5.00,1,"1/3 cup butter, at room temperature$1/3 cup unpasteurized Manuka honey$1 cup mashed bananas$1 teaspoon vanilla extract$1 3/4 cups whole wheat flour$1 teaspoon baking soda$1 teaspoon baking powder$1/2 teaspoon fleur de sel (sea salt flakes)$1/4 cup hot water$1/4 cup dark chocolate chunks$2 tablespoons chopped walnuts",267,,25.0,45.0,75.0,325,165.0
169,http://allrecipes.com/recipe/257629/papaya-bread-with-a-twist/,Papaya Bread with a Twist,0,1,5,5.00,1,1 cup butter$1 cup white sugar$4 eggs$1 cup mashed ripe bananas$1 cup mashed ripe papaya$3/4 cup raisins$1/2 cup chopped walnuts$1/3 cup diced crystallized ginger$3 cups all-purpose flour$2 teaspoons baking soda$1 teaspoon salt$1 teaspoon ground cinnamon$1 teaspoon ground allspice$1 teaspoon ground ginger$1/2 teaspoon baking powder,324,,30.0,50.0,90.0,325,165.0
170,http://allrecipes.com/recipe/257670/black-sesame-and-walnut-banana-bread/,Black Sesame and Walnut Banana Bread,1,1,4,4.00,1,"3/4 cup all-purpose flour$1/2 teaspoon baking soda$1/2 teaspoon baking powder$1/2 teaspoon ground cinnamon (optional)$1/4 teaspoon ground nutmeg (optional)$1/4 teaspoon salt$1 large banana, mashed$1/4 cup white sugar$1/4 cup packed brown sugar$1 egg white$2 tablespoons milk$1 tablespoon canola oil$1/2 teaspoon vanilla extract$1/3 cup black sesame seeds$1/3 cup chopped walnuts",389,,15.0,35.0,50.0,350,175.0
171,http://allrecipes.com/recipe/259018/double-chocolate-banana-monkey-bread/,Double Chocolate Banana Monkey Bread,0,0,0,0.00,0,"cooking spray$1 cup brown sugar$1 (3.4 ounce) package instant white chocolate pudding mix, divided$2 tablespoons ground cinnamon$1/2 cup butter, melted$1 (16.3 ounce) package refrigerated buttermilk biscuit dough (such as Pillsbury Grands!®), each cut into 8 pieces$1 ripe banana, mashed$1/2 cup semisweet chocolate chips$Icing:$1 cup confectioners' sugar$2 tablespoons butter, melted$2 teaspoons heavy whipping cream",387,,30.0,18.0,58.0,350,175.0
172,http://allrecipes.com/recipe/259746/gluten-free-vegan-banana-nut-bread/,Gluten-Free Vegan Banana Nut Bread,0,0,0,0.00,0,cooking spray$2 tablespoons boiling water$1 tablespoon flax seeds$1 cup mashed ripe bananas$1/4 cup unsweetened applesauce$2 teaspoons vanilla extract$1 cup chopped Medjool dates$1 cup oat flour$1/2 cup tapioca starch$4 teaspoons baking powder$1 teaspoon ground cinnamon$1/2 teaspoon baking soda$1/2 cup chopped walnuts,227,,25.0,55.0,80.0,350,175.0
173,http://allrecipes.com/recipe/257433/best-banana-yogurt-bread/,Best Banana Yogurt Bread,0,0,0,0.00,0,"1 cup white sugar$1/2 cup butter, softened$2 eggs$1 teaspoon vanilla extract$1 1/2 cups all-purpose flour$1 1/2 teaspoons ground allspice$3 overripe bananas, thinly sliced$1/2 cup banana-flavored yogurt$3 tablespoons white sugar$1 teaspoon ground cloves",371,,15.0,60.0,75.0,350,175.0
174,http://allrecipes.com/recipe/257605/gluten-free-banana-giraffe-bread/,Gluten-Free Banana Giraffe Bread,0,0,0,0.00,0,"2 1/2 cups mashed ripe bananas$4 eggs$1/2 cup almond butter$1/4 cup butter, melted$1/2 cup coconut flour$1 teaspoon ground cinnamon$1 teaspoon baking soda$1 teaspoon baking powder$1 teaspoon vanilla extract$1 pinch sea salt$1/2 cup dark chocolate chips",301,,20.0,57.0,207.0,350,175.0
175,http://allrecipes.com/recipe/245434/banana-walnut-flax-seed-bread/,Banana Walnut Flax Seed Bread,0,0,0,0.00,0,"2 cups whole wheat flour$1 cup flaxseed meal$1/4 cup wheat germ$2 teaspoons baking soda$1 teaspoon ground cinnamon$1/3 teaspoon sea salt$2 cups chopped walnuts$4 eggs$2 cups brown sugar$2/3 cup sunflower seed oil$1/3 cup roasted walnut oil$1/4 cup plain yogurt$5 large ripe bananas, coarsely mashed, or more to taste$2 teaspoons vanilla extract",380,,30.0,75.0,110.0,325,165.0
176,http://allrecipes.com/recipe/238961/sweet-and-tangy-sour-cream-banana-bread/,Sweet and Tangy Sour Cream Banana Bread,0,0,0,0.00,0,"1/4 cup sucralose sugar substitute (such as Splenda® Granulated)$1 teaspoon ground cinnamon$3/4 cup light margarine (such as Smart Balance® Light)$1 1/2 cups sugar and sucralose blend for baking (such as SPLENDA® Sugar Blend)$6 very ripe bananas, mashed$3/4 cup egg substitute$1 (16 ounce) container reduced-fat sour cream$2 teaspoons vanilla extract$2 teaspoons ground cinnamon$4 1/2 cups white whole wheat flour (such as King Arthur®)$1 scoop vanilla protein powder (optional)$1 tablespoon baking soda$1/2 teaspoon salt substitute (such as Morton® Lite Salt™ Mixture)$1 cup chopped walnuts (optional)",205,,15.0,60.0,75.0,300,150.0
177,http://allrecipes.com/recipe/240448/sweet-potato-banana-bread/,Sweet Potato Banana Bread,0,0,0,0.00,0,"non-stick cooking spray$1 cup white sugar$1 banana, mashed$1/2 cup fat-free plain yogurt$2 eggs$1 cup all-purpose flour$2/3 cup chickpea (garbanzo bean) flour$1 teaspoon baking soda$1/2 teaspoon ground cinnamon$1/4 teaspoon salt$1/3 cup water$1 cup cooked and mashed sweet potatoes$1/2 cup semisweet chocolate morsels (optional)$1/4 cup chia seeds (optional)",252,,10.0,60.0,80.0,350,175.0
