link,title,made_it,review_count,long_rating,short_ratings,review_count,ingredient list,calories,rating,prep_time,cook _time,total_time,fahrenheit,celsius
http://allrecipes.com/recipe/22967/nannas-banana-bread/,Nanna's Banana Bread,322,215,4.654761791,4.65,215,"1/2 cup buttermilk,2 eggs,1/2 cup vegetable oil,1 cup white sugar,2 small very ripe bananas, sliced,1 teaspoon vanilla extract,2 cups all-purpose flour,1 teaspoon ground cinnamon,1 teaspoon baking powder,1 teaspoon baking soda,1/8 teaspoon salt,1/2 cup chopped walnuts,",286,252,15,60,75,350,175
http://allrecipes.com/recipe/6765/4h-banana-bread/,4H Banana Bread,365,883,4.671627998,4.67,883,"2 cups all-purpose flour,1/2 teaspoon baking soda,1 cup white sugar,1 egg,5 tablespoons milk,1 teaspoon baking powder,1/2 teaspoon salt,1/2 cup margarine,1 cup mashed bananas,1/2 cup chopped walnuts (optional),",265,1075,10,60,70,and,nan
http://allrecipes.com/recipe/218541/caramel-macchiato-banana-bread/,Caramel Macchiato Banana Bread,198,58,4.176470757,4.18,58,"cooking spray,2 cups all-purpose flour,1 teaspoon baking soda,1 teaspoon baking powder,1/2 teaspoon ground cinnamon,1/8 teaspoon salt,2 large very ripe bananas,1/2 cup caramel macchiato flavored liquid coffee creamer (such as International Delightå¨),1/2 cup vegetable oil,2 eggs,2/3 cup white sugar,2 tablespoons instant coffee granules,6 tablespoons unsalted butter,6 tablespoons packed brown sugar,1 teaspoon vanilla extract,",334,68,15,65,120,350,175
http://allrecipes.com/recipe/219967/chef-johns-banana-bread/,Chef John's Banana Bread,1009,383,4.697286129,4.7,383,"cooking spray,2 cups all-purpose flour,1 teaspoon salt,1 teaspoon baking powder,1 teaspoon baking soda,1/2 cup butter, softened,3 ripe bananas, mashed,1 cup white sugar,2 large eggs,1/4 teaspoon vanilla extract,1 tablespoon milk,1 cup chopped walnuts,1/3 cup semisweet chocolate chips,",334,479,15,70,105,325,165
http://allrecipes.com/recipe/7154/creamy-banana-bread/,Creamy Banana Bread,353,873,4.660919666,4.66,873,"1/2 cup margarine, softened,1 (8 ounce) package cream cheese, softened,1 1/4 cups white sugar,2 eggs,1 cup mashed bananas,1 teaspoon vanilla extract,2 1/4 cups all-purpose flour,1 1/2 teaspoons baking powder,1/2 teaspoon baking soda,3/4 cup chopped pecans,2 tablespoons brown sugar,2 teaspoons ground cinnamon,",289,1044,30,45,75,350,175
http://allrecipes.com/recipe/17252/chocolate-banana-bread/,Chocolate Banana Bread,1463,928,4.674616814,4.67,928,"1 cup margarine, softened,2 cups white sugar,4 eggs,6 bananas, mashed,2 teaspoons vanilla extract,3 cups all-purpose flour,2 teaspoons baking soda,1/4 cup unsweetened cocoa powder,1 cup lite sour cream,1 cup semisweet chocolate chips,",278,1174,10,60,70,350,175
http://allrecipes.com/recipe/228442/raspberry-banana-bread/,Raspberry Banana Bread,97,32,4.682926655,4.68,32,"3/4 cup frozen unsweetened raspberries, thawed,1 ripe banana,1 1/2 cups all-purpose flour,3/4 teaspoon ground cinnamon,1/2 teaspoon baking soda,1/4 teaspoon salt,1/8 teaspoon ground nutmeg,1 cup white sugar,2 eggs,1/2 cup vegetable oil,1/2 teaspoon lemon extract,",273,41,25,60,115,325,165
http://allrecipes.com/recipe/16999/grandmas-homemade-banana-bread/,Grandma's Homemade Banana Bread,591,313,4.69623661,4.7,313,"1 1/2 cups white sugar,1/2 cup butter, softened,3 bananas, mashed,2 eggs,2 cups all-purpose flour,1/2 teaspoon baking soda,1/3 cup sour milk,1/4 teaspoon salt,1 teaspoon vanilla extract,",226,372,10,60,70,350,175
http://allrecipes.com/recipe/141933/banana-zucchini-bread/,Banana-Zucchini Bread,525,263,4.517027855,4.52,263,"3 eggs,3/4 cup vegetable oil,2/3 cup packed brown sugar,1 cup white sugar,1 cup grated zucchini,2 bananas, mashed,2 teaspoons vanilla extract,3 1/2 cups all-purpose flour,1 tablespoon ground cinnamon,1 1/2 teaspoons baking powder,1 teaspoon baking soda,1 teaspoon salt,1/2 cup dried cranberries,1/2 cup chopped walnuts,",272,323,15,50,65,325,165
http://allrecipes.com/recipe/17652/banana-crumb-muffins/,Banana Crumb Muffins,14588,9663,4.803298473,4.8,9663,"1 1/2 cups all-purpose flour,1 teaspoon baking soda,1 teaspoon baking powder,1/2 teaspoon salt,3 bananas, mashed,3/4 cup white sugar,1 egg, lightly beaten,1/3 cup butter, melted,1/3 cup packed brown sugar,2 tablespoons all-purpose flour,1/8 teaspoon ground cinnamon,1 tablespoon butter,",263,13157,15,20,35,375,190
http://allrecipes.com/recipe/20144/banana-banana-bread/,Banana Banana Bread,21066,9885,4.569930553,4.57,9885,"2 cups all-purpose flour,1 teaspoon baking soda,1/4 teaspoon salt,1/2 cup butter,3/4 cup brown sugar,2 eggs, beaten,2 1/3 cups mashed overripe bananas,",229,12777,15,65,80,350,175
http://allrecipes.com/recipe/17066/janets-rich-banana-bread/,Janet's Rich Banana Bread,12603,4711,4.815733433,4.82,4711,"1/2 cup butter, melted,1 cup white sugar,2 eggs,1 teaspoon vanilla extract,1 1/2 cups all-purpose flour,1 teaspoon baking soda,1/2 teaspoon salt,1/2 cup sour cream,1/2 cup chopped walnuts,2 medium bananas, sliced,",218,6127,10,60,70,350,175
http://allrecipes.com/recipe/6984/banana-sour-cream-bread/,Banana Sour Cream Bread,3534,4080,4.771261692,4.77,4080,"1/4 cup white sugar,1 teaspoon ground cinnamon,3/4 cup butter,3 cups white sugar,3 eggs,6 very ripe bananas, mashed,1 (16 ounce) container sour cream,2 teaspoons vanilla extract,2 teaspoons ground cinnamon,1/2 teaspoon salt,3 teaspoons baking soda,4 1/2 cups all-purpose flour,1 cup chopped walnuts (optional),",263,5303,10,60,70,300,150
http://allrecipes.com/recipe/67937/extreme-banana-nut-bread-ebnb/,Extreme Banana Nut Bread 'EBNB',2830,1773,4.686868668,4.69,1773,"2 cups all-purpose flour,1 teaspoon salt,2 teaspoons baking soda,1 cup butter or margarine,2 cups white sugar,2 cups mashed overripe bananas,4 eggs, beaten,1 cup chopped walnuts,",232,2079,20,70,90,350,175
http://allrecipes.com/recipe/15747/best-ever-banana-bread/,Best Ever Banana Bread,2526,1477,4.732899189,4.73,1477,"2 eggs, beaten,1/3 cup buttermilk,1/2 cup vegetable oil,1 cup mashed bananas,1 1/2 cups white sugar,1 3/4 cups all-purpose flour,1 teaspoon baking soda,1/2 teaspoon salt,1/2 cup chopped pecans (optional),",307,1842,nan,nan,nan,325,165
http://allrecipes.com/recipe/16952/the-best-banana-bread/,The Best Banana Bread,1943,1106,4.554172993,4.55,1106,"1/2 cup margarine, softened,1 cup white sugar,2 eggs,1 1/2 cups mashed banana,2 cups all-purpose flour,1 teaspoon baking soda,",196,1366,15,60,75,350,175
http://allrecipes.com/recipe/6687/banana-bread/,Banana Bread,1555,946,4.694929123,4.69,946,"1 1/2 cups all-purpose flour,1 teaspoon baking soda,1/2 teaspoon salt,1 cup white sugar,2 eggs, beaten,1/4 cup butter, melted,3 bananas, mashed,",145,1203,15,60,75,350,175
http://allrecipes.com/recipe/6993/cathys-banana-bread/,Cathy's Banana Bread,631,981,4.731497288,4.73,981,"1 cup mashed bananas,1 cup sour cream,1/4 cup margarine,1 1/3 cups white sugar,2 eggs,1 teaspoon vanilla extract,2 cups all-purpose flour,1 teaspoon baking soda,1 teaspoon baking powder,1/4 teaspoon salt,",200,1162,10,50,60,350,175
http://allrecipes.com/recipe/6990/sarahs-banana-bread-muffins/,Sarah's Banana Bread Muffins,694,742,4.622119904,4.62,742,"1 cup white sugar,1/2 cup vegetable oil,1 egg,3 ripe bananas, mashed,1/4 cup chopped walnuts,2 cups all-purpose flour,1 teaspoon baking soda,1/2 teaspoon salt,",270,868,10,35,45,350,175
http://allrecipes.com/recipe/23426/almost-no-fat-banana-bread/,Almost No Fat Banana Bread,920,688,4.413630962,4.41,688,"1 1/2 cups all-purpose flour,3/4 cup white sugar,1 1/4 teaspoons baking powder,1/2 teaspoon baking soda,1/2 teaspoon ground cinnamon,2 egg whites,1 cup banana, mashed,1/4 cup applesauce,",127,851,10,55,65,350,175
http://allrecipes.com/recipe/20153/chocolate-chip-banana-bread-ii/,Chocolate Chip Banana Bread II,1027,634,4.796407223,4.8,634,"1 cup shortening,2 cups white sugar,2 eggs,2 tablespoons mayonnaise,6 very ripe bananas, mashed,3 cups all-purpose flour,1/2 teaspoon salt,1 teaspoon baking powder,2 teaspoons baking soda,1 cup semi-sweet chocolate chips,1/2 cup chopped walnuts,",346,835,15,75,90,350,175
http://allrecipes.com/recipe/6713/easy-banana-bread/,Easy Banana Bread,379,561,4.715555668,4.72,561,"5 very ripe bananas,4 eggs,1 cup shortening,2 1/2 cups white sugar,1 tablespoon vanilla extract,3 1/2 cups all-purpose flour,2 teaspoons baking soda,1 teaspoon salt,",258,675,20,70,90,300,150
http://allrecipes.com/recipe/17754/janines-best-banana-bread/,Janine's Best Banana Bread,807,547,4.581708908,4.58,547,"1/4 cup butter, softened,1 cup white sugar,1 egg,3 ripe bananas, mashed,2 cups all-purpose flour,1 teaspoon baking soda,1/2 teaspoon salt,",248,667,15,60,75,350,175
http://allrecipes.com/recipe/7155/whole-wheat-banana-nut-bread/,Whole Wheat Banana Nut Bread,216,570,4.605463028,4.61,570,"1/3 cup vegetable oil,1/2 cup honey,1 teaspoon vanilla extract,2 eggs,1 cup mashed bananas,1 3/4 cups whole wheat flour,1/2 teaspoon salt,1 teaspoon baking soda,1/4 cup hot water,1/2 cup chopped walnuts,",218,659,15,55,70,325,165
http://allrecipes.com/recipe/18015/lighter-banana-muffins/,Lighter Banana Muffins,592,470,4.283019066,4.28,470,"2 eggs, beaten,3 very ripe bananas, mashed,2 cups all-purpose flour,1 teaspoon salt,3/4 cup white sugar,1 teaspoon baking soda,",195,530,15,25,40,350,175
http://allrecipes.com/recipe/230482/banana-chocolate-chip-bread/,Banana Chocolate Chip Bread,2044,403,4.748503208,4.75,403,"2 cups all-purpose flour,1 teaspoon baking powder,1 teaspoon baking soda,1 teaspoon salt,3 ripe bananas, mashed,1 tablespoon milk,1 teaspoon ground cinnamon, or to taste,1/2 cup butter, softened,1 cup white sugar,2 eggs,1 cup semisweet chocolate chips,",378,501,15,70,85,325,165
http://allrecipes.com/recipe/219967/chef-johns-banana-bread/,Chef John's Banana Bread,1009,383,4.697286129,4.7,383,"cooking spray,2 cups all-purpose flour,1 teaspoon salt,1 teaspoon baking powder,1 teaspoon baking soda,1/2 cup butter, softened,3 ripe bananas, mashed,1 cup white sugar,2 large eggs,1/4 teaspoon vanilla extract,1 tablespoon milk,1 cup chopped walnuts,1/3 cup semisweet chocolate chips,",334,479,15,70,105,325,165
http://allrecipes.com/recipe/6754/lower-fat-banana-bread-i/,Lower Fat Banana Bread I,57,377,4.672645569,4.67,377,"2/3 cup white sugar,1/4 cup margarine, softened,2 eggs,1 cup mashed bananas,1/4 cup water,1 2/3 cups all-purpose flour,1 teaspoon baking soda,1/2 teaspoon salt,1/4 teaspoon baking powder,",169,446,15,60,75,350,175
http://allrecipes.com/recipe/241707/joys-easy-banana-bread/,Joy's Easy Banana Bread,2129,379,4.767816067,4.77,379,"3 ripe bananas, mashed,1 cup white sugar,1 egg,1/4 cup melted butter,1 1/2 cups all-purpose flour,1 teaspoon baking soda,1 teaspoon salt,",225,435,15,60,75,325,165
http://allrecipes.com/recipe/16706/banana-pumpkin-bread/,Banana Pumpkin Bread,534,360,4.338061333,4.34,360,"2 ripe bananas, mashed,2 eggs,1/3 cup vegetable oil,1 1/3 cups canned pumpkin puree,1/2 cup honey,1/2 cup white sugar,2 1/2 cups all-purpose flour,1 teaspoon baking powder,1 teaspoon baking soda,1/2 teaspoon salt,2 teaspoons pumpkin pie spice,1 teaspoon ground cinnamon,3/4 cup raisins (optional),1/2 cup walnut pieces (optional),",328,423,20,45,65,350,175
http://allrecipes.com/recipe/22722/brown-sugar-banana-nut-bread-i/,Brown Sugar Banana Nut Bread I,583,348,4.564164639,4.56,348,"1/2 cup butter, softened,1 cup brown sugar,2 eggs,1 tablespoon vanilla extract,4 very ripe bananas, mashed,2 cups all-purpose flour,3 teaspoons baking powder,1/2 teaspoon salt,1/2 cup chopped walnuts,",273,413,15,60,75,350,175
http://allrecipes.com/recipe/7116/banana-bread-quick-bread-for-machines/,Banana Bread - Quick Bread for Machines,209,327,4.088311672,4.09,327,"2 cups all-purpose flour,1 teaspoon baking powder,1/2 teaspoon baking soda,3/4 cup white sugar,3 tablespoons vegetable oil,2 eggs,2 bananas, peeled and halved lengthwise,",221,385,15,50,75,bread,nan
http://allrecipes.com/recipe/6777/banana-nut-bread-i/,Banana Nut Bread I,214,310,4.608355045,4.61,310,"2 1/2 cups white sugar,1 cup shortening,3 eggs,1 1/2 cups mashed bananas,3 cups all-purpose flour,1 1/4 cups buttermilk,1 1/2 teaspoons baking soda,1 1/2 teaspoons baking powder,1 teaspoon vanilla extract,1/2 cup chopped walnuts,",256,383,10,60,70,350,175
http://allrecipes.com/recipe/17050/hawaiian-banana-nut-bread/,Hawaiian Banana Nut Bread,505,339,4.706036568,4.71,339,"3 cups all-purpose flour,3/4 teaspoon salt,1 teaspoon baking soda,2 cups white sugar,1 teaspoon ground cinnamon,1 cup chopped walnuts,3 eggs, beaten,1 cup vegetable oil,2 cups mashed very ripe banana,1 (8 ounce) can crushed pineapple, drained,2 teaspoons vanilla extract,1 cup flaked coconut,1 cup maraschino cherries, diced,",234,381,10,60,80,350,175
http://allrecipes.com/recipe/16999/grandmas-homemade-banana-bread/,Grandma's Homemade Banana Bread,591,313,4.69623661,4.7,313,"1 1/2 cups white sugar,1/2 cup butter, softened,3 bananas, mashed,2 eggs,2 cups all-purpose flour,1/2 teaspoon baking soda,1/3 cup sour milk,1/4 teaspoon salt,1 teaspoon vanilla extract,",226,372,10,60,70,350,175
http://allrecipes.com/recipe/17013/banana-peanut-butter-bread/,Banana Peanut Butter Bread,375,296,4.144808769,4.14,296,"1/2 cup butter, softened,1 cup white sugar,2 eggs,1/2 cup peanut butter,2 bananas, mashed,2 cups all-purpose flour,1 teaspoon baking soda,1/2 cup chopped walnuts,",266,366,15,70,85,325,165
http://allrecipes.com/recipe/24930/lower-fat-banana-bread-ii/,Lower Fat Banana Bread II,337,304,4.574712753,4.57,304,"2 eggs,2/3 cup white sugar,2 very ripe bananas, mashed,1/4 cup applesauce,1/3 cup nonfat milk,1 tablespoon vegetable oil,1 tablespoon vanilla extract,1 3/4 cups all-purpose flour,2 teaspoons baking powder,1/2 teaspoon baking soda,1/2 teaspoon salt,1/3 cup chopped walnuts,",178,348,15,60,75,325,165
http://allrecipes.com/recipe/7163/favorite-banana-blueberry-quick-bread/,Favorite Banana Blueberry Quick Bread,148,280,4.394658566,4.39,280,"1/2 cup fresh blueberries,1 5/8 cups all-purpose flour,1/2 cup quick cooking oats,1/2 cup chopped pecans,1 teaspoon baking soda,1/4 teaspoon salt,1/2 cup shortening,1 cup white sugar,2 eggs,1 cup mashed bananas,",278,337,25,50,85,350,175
http://allrecipes.com/recipe/15746/banana-oatmeal-bread/,Banana Oatmeal Bread,509,270,4.666666508,4.67,270,"1/2 cup shortening,1 cup white sugar,2 eggs, beaten,1/2 teaspoon vanilla extract,1 cup all-purpose flour,1 cup quick cooking oats,1 teaspoon baking soda,1/2 teaspoon salt,1/4 cup milk,1/2 teaspoon ground cinnamon,1 1/2 cups mashed bananas,1/2 cup chopped raisins (optional),",264,336,25,50,80,350,175
http://allrecipes.com/recipe/17656/rich-and-delicious-banana-bread/,Rich and Delicious Banana Bread,362,279,4.617469788,4.62,279,"1/2 cup shortening,1 cup white sugar,1 1/2 cups all-purpose flour,1 teaspoon baking soda,1 teaspoon salt,3 ripe bananas,",268,332,10,60,70,325,165
http://allrecipes.com/recipe/16666/banana-bran-muffins/,Banana Bran Muffins,384,272,4.703363895,4.7,272,"1/2 cup butter, softened,1/2 cup brown sugar,3 bananas, mashed,1/4 cup milk,1 teaspoon vanilla extract,2 eggs,1 1/2 cups all-purpose flour,1/2 cup wheat bran,1 teaspoon baking powder,1 teaspoon baking soda,1/4 teaspoon salt,1/2 cup chopped walnuts,",239,327,10,25,35,375,190
http://allrecipes.com/recipe/141933/banana-zucchini-bread/,Banana-Zucchini Bread,525,263,4.517027855,4.52,263,"3 eggs,3/4 cup vegetable oil,2/3 cup packed brown sugar,1 cup white sugar,1 cup grated zucchini,2 bananas, mashed,2 teaspoons vanilla extract,3 1/2 cups all-purpose flour,1 tablespoon ground cinnamon,1 1/2 teaspoons baking powder,1 teaspoon baking soda,1 teaspoon salt,1/2 cup dried cranberries,1/2 cup chopped walnuts,",272,323,15,50,65,325,165
http://allrecipes.com/recipe/6894/banana-coconut-loaf/,Banana Coconut Loaf,137,255,4.615893841,4.62,255,"2 eggs,1 cup white sugar,1/2 cup butter, melted,1 cup mashed bananas,1/2 teaspoon almond extract,1 1/2 cups all-purpose flour,1/2 cup flaked coconut,1 1/2 teaspoons baking powder,1/2 teaspoon baking soda,1/2 teaspoon salt,1/2 cup chopped walnuts,1/2 cup maraschino cherries, chopped,",277,302,15,60,85,and,nan
http://allrecipes.com/recipe/24575/oatmeal-banana-nut-bread/,Oatmeal Banana Nut Bread,355,251,4.654109478,4.65,251,"1/2 cup shortening,3/4 cup white sugar,2 eggs,1 cup mashed bananas,1 teaspoon vanilla extract,1 1/2 cups all-purpose flour,1/2 teaspoon baking soda,1/2 teaspoon salt,1/2 cup quick cooking oats,1/2 cup chopped walnuts,",255,292,20,55,75,350,175
http://allrecipes.com/recipe/7141/banana-nut-bread-ii/,Banana Nut Bread II,120,237,4.360824585,4.36,237,"1/2 cup margarine, softened,2/3 cup milk,2 eggs,2 1/2 cups all-purpose flour,1 cup white sugar,2 1/2 teaspoons baking powder,1/2 teaspoon baking soda,1 teaspoon salt,2/3 cup mashed bananas,1/2 cup chopped walnuts,",347,291,nan,nan,nan,oil,nan
http://allrecipes.com/recipe/6690/mothers-banana-bread/,Mother's Banana Bread,40,219,4.449827194,4.45,219,"1 3/4 cups all-purpose flour,2 teaspoons baking powder,1/4 teaspoon baking soda,1/2 teaspoon salt,2/3 cup white sugar,1/3 cup butter, softened,2 eggs,1 cup mashed banana,1/2 cup chopped walnuts,",215,289,15,60,75,350,175
http://allrecipes.com/recipe/7024/banana-nut-bread-baked-in-a-jar/,Banana Nut Bread Baked in a Jar,45,216,4.775193691,4.78,216,"2/3 cup shortening,2 2/3 cups white sugar,4 eggs,2 cups mashed bananas,2/3 cup water,3 1/3 cups all-purpose flour,1/2 teaspoon baking powder,2 teaspoons baking soda,1 1/2 teaspoons salt,1 teaspoon ground cinnamon,1 teaspoon ground cloves,2/3 cup chopped pecans,",nan,258,10,45,65,325,165
http://allrecipes.com/recipe/22967/nannas-banana-bread/,Nanna's Banana Bread,322,215,4.654761791,4.65,215,"1/2 cup buttermilk,2 eggs,1/2 cup vegetable oil,1 cup white sugar,2 small very ripe bananas, sliced,1 teaspoon vanilla extract,2 cups all-purpose flour,1 teaspoon ground cinnamon,1 teaspoon baking powder,1 teaspoon baking soda,1/8 teaspoon salt,1/2 cup chopped walnuts,",286,252,15,60,75,350,175
http://allrecipes.com/recipe/7158/strawnana-bread/,Strawnana Bread,79,183,4.4145298,4.41,183,"4 eggs, lightly beaten,2 cups white sugar,1 1/2 cups strawberries, mashed,1 cup mashed bananas,1 tablespoon orange zest,1 cup vegetable oil,3 cups all-purpose flour,1 teaspoon baking soda,1 1/2 teaspoons ground cinnamon,1/2 teaspoon salt,1/4 teaspoon ground nutmeg,1 cup chopped walnuts,",258,234,nan,nan,nan,350,175
http://allrecipes.com/recipe/9460/banana-nut-bread-iii/,Banana Nut Bread III,191,186,4.621738911,4.62,186,"1 3/4 cups all-purpose flour,2 teaspoons baking powder,1/4 teaspoon baking soda,1/2 teaspoon salt,1 cup white sugar,1/2 cup chopped pecans,2 eggs,1 cup mashed bananas,1/2 cup vegetable oil,1 teaspoon vanilla extract,",205,230,nan,nan,nan,350,175
http://allrecipes.com/recipe/6686/banana-wheat-bread/,Banana Wheat Bread,21,168,4.566326618,4.57,168,"2 cups whole wheat flour,1/4 cup wheat germ,1 teaspoon salt,1 teaspoon baking soda,1 1/2 cups mashed bananas,1/4 cup vegetable oil,1/2 cup honey,2 eggs,1 teaspoon vanilla extract,1/2 cup chopped pecans,",232,196,nan,nan,nan,350,175
http://allrecipes.com/recipe/229021/blueberry-banana-bread/,Blueberry Banana Bread,503,158,4.729166508,4.73,158,"2 cups all-purpose flour,1 teaspoon baking soda,1/2 teaspoon salt,1/2 cup butter, softened,1 cup white sugar,2 eggs,2 teaspoons vanilla extract,2 ripe bananas, mashed,1 cup fresh blueberries,",197,192,15,30,55,350,175
http://allrecipes.com/recipe/20739/banana-loaf/,Banana Loaf,236,133,4.664670467,4.66,133,"1/2 cup butter,1 cup white sugar,2 eggs,3 ripe bananas, mashed,2 cups all-purpose flour,1 teaspoon baking soda,1 teaspoon baking powder,1/2 teaspoon salt,1/2 cup chopped walnuts,",279,167,10,60,70,350,175
http://allrecipes.com/recipe/23645/sweet-banana-bread/,Sweet Banana Bread,170,135,4.703947544,4.7,135,"1 3/4 cups all-purpose flour,1 1/4 teaspoons baking powder,1/2 teaspoon baking soda,3/4 teaspoon salt,1 (3 ounce) package non-instant vanilla pudding mix,2/3 cup white sugar,1/2 cup shortening,2 eggs,2 tablespoons milk,1 1/3 cups mashed ripe banana,1/3 cup chopped walnuts,",249,152,15,70,85,the,nan
http://allrecipes.com/recipe/20164/grannys-banana-bread/,Granny's Banana Bread,251,131,4.150326729,4.15,131,"2 1/4 cups all-purpose flour,1 teaspoon baking soda,1/2 teaspoon ground cinnamon,1/2 teaspoon ground nutmeg,1 cup white sugar,2 eggs,1/3 cup unsweetened applesauce,4 ripe bananas, mashed,1 tablespoon vanilla extract,1 cup raisins (optional),1 cup chopped walnuts (optional),",298,153,15,60,75,375,190
http://allrecipes.com/recipe/6921/quick-banana-bread/,Quick Banana Bread,33,135,4.604026794,4.6,135,"1/3 cup vegetable oil,1 1/2 cups mashed bananas,1/2 teaspoon vanilla extract,3 eggs,2 1/3 cups baking mix,1 cup white sugar,1/2 cup chopped walnuts,",272,149,15,60,80,350,175
http://allrecipes.com/recipe/164205/spiced-banana-bread/,Spiced Banana Bread,188,108,4.652777672,4.65,108,"2 cups flour,1 1/2 teaspoons baking powder,1 teaspoon baking soda,4 very ripe bananas,2 eggs,1 cup sugar,1 teaspoon cinnamon,1/2 teaspoon salt,1/2 teaspoon nutmeg,1/4 teaspoon ground cloves,1/2 cup melted butter,1 teaspoon vanilla extract,",193,144,15,45,120,350,175
http://allrecipes.com/recipe/93289/whole-grain-healthy-banana-bread/,Whole Grain Healthy Banana Bread,145,101,4.412213802,4.41,101,"3/4 cup SPLENDAå¨ Sugar Blend,3/4 cup flax seed meal,5 ripe bananas, mashed,1/4 cup skim milk,1/4 cup low-fat sour cream,2 teaspoons egg whites,2 cups whole wheat flour,1 teaspoon baking soda,1/2 teaspoon salt,",261,131,15,60,75,350,175
http://allrecipes.com/recipe/23082/janets-famous-banana-nut-bread/,Janet's Famous Banana Nut Bread,158,112,4.6328125,4.63,112,"3 cups white sugar,3/4 cup butter, softened,3 eggs,2 cups mashed ripe banana,1/2 cup sour cream,3 1/2 cups all-purpose flour,1 teaspoon baking soda,1/2 teaspoon baking powder,1/2 teaspoon ground cinnamon,1 1/2 cups chopped pecans,",356,128,20,65,85,325,165
http://allrecipes.com/recipe/217065/gluten-free-banana-bread/,Gluten Free Banana Bread,156,105,4.165289402,4.17,105,"2 cups gluten-free all purpose baking flour,1 teaspoon baking powder,1/2 teaspoon salt,1/2 cup butter,1/2 cup turbinado sugar,2 eggs, lightly beaten,3 tablespoons maple syrup,6 ripe bananas, mashed,",132,121,15,30,45,350,175
http://allrecipes.com/recipe/20152/chocolate-chip-banana-bread-i/,Chocolate Chip Banana Bread I,127,91,4.5,4.5,91,"1/2 cup butter, softened,1 1/2 cups white sugar,2 eggs,1 tablespoon vanilla extract,3 large very ripe bananas, mashed,1/3 cup sour cream,1/3 cup buttermilk,2 1/2 cups unsifted cake flour,1 teaspoon salt,1/2 teaspoon baking soda,1/4 teaspoon baking powder,1 1/2 cups semi-sweet chocolate chips,",436,116,15,35,60,350,175
http://allrecipes.com/recipe/41679/banana-cranberry-bread/,Banana Cranberry Bread,222,102,4.400000095,4.4,102,"2 1/2 cups white sugar,1 cup shortening,3 eggs,3 mashed bananas,1 cup cranberry sauce,1/2 cup milk,1 teaspoon vanilla extract,4 cups all-purpose flour,1 1/2 teaspoons baking soda,1 1/2 teaspoons baking powder,1 teaspoon ground cinnamon,1/2 teaspoon ground nutmeg,1/2 cup chopped walnuts,",292,115,15,60,90,350,175
http://allrecipes.com/recipe/36772/maple-banana-bread/,Maple Banana Bread,145,98,4.115044117,4.12,98,"1/2 cup butter, melted,1/2 cup maple syrup,1 egg,2 ripe bananas,1/2 teaspoon maple extract,3 tablespoons milk,2 cups all-purpose flour,1 teaspoon baking soda,1/2 teaspoon baking powder,1/4 cup chopped walnuts,3 tablespoons white sugar,",232,113,30,50,80,350,175
http://allrecipes.com/recipe/7223/banana-chocolate-chip-muffins/,Banana Chocolate Chip Muffins,10,87,3.259615421,3.26,87,"2 cups all-purpose flour,1/3 cup white sugar,2 tablespoons Dutch process cocoa powder,1 tablespoon baking powder,1 cup mashed bananas,2/3 cup canola oil,1 egg, beaten,1 cup semi-sweet chocolate chips,",303,104,nan,nan,nan,baking,nan
http://allrecipes.com/recipe/229353/sour-cream-banana-bread/,Sour Cream Banana Bread,193,88,4.572815418,4.57,88,"4 very ripe bananas, divided,1 cup white sugar,3/4 cup butter, melted and cooled,2 large eggs,1/3 cup sour cream,1 teaspoon vanilla extract,2 cups all-purpose flour,1 1/2 teaspoons baking powder,1/2 teaspoon salt,1/2 cup chopped walnuts (optional),2 teaspoons white sugar,1/2 teaspoon ground cinnamon,",339,103,15,75,120,350,175
http://allrecipes.com/recipe/7069/special-banana-bread/,Special Banana Bread,28,82,4.693069458,4.69,82,"1 cup shortening,2 cups white sugar,6 very ripe bananas, mashed,4 eggs,2 1/4 cups all-purpose flour,1 teaspoon salt,2 teaspoons baking soda,2 teaspoons ground cinnamon,1 teaspoon ground cloves,1 teaspoon freshly grated nutmeg,1 cup chopped walnuts,",254,101,10,60,70,350,175
http://allrecipes.com/recipe/21619/banana-date-flaxseed-bread/,Banana Date Flaxseed Bread,114,92,4.564356327,4.56,92,"1/2 cup flax seed,3 bananas, mashed,1/4 cup vegetable oil,1/2 cup white sugar,2 eggs,1 1/2 cups all-purpose flour,1/2 teaspoon baking powder,1/2 teaspoon baking soda,1/2 teaspoon salt,1/4 cup flax seed,1/2 cup chopped pitted dates,",263,101,10,55,65,350,175
http://allrecipes.com/recipe/222082/healthier-banana-banana-bread/,Healthier Banana Banana Bread,155,84,4.418367386,4.42,84,"2 cups all-purpose flour,1 teaspoon baking soda,1/4 teaspoon salt,1/4 cup butter,1/8 cup nonfat plain yogurt,3/4 cup brown sugar,2 eggs, beaten,2 1/3 cups mashed overripe bananas,",196,98,15,65,80,350,175
http://allrecipes.com/recipe/23810/grandmas-banana-bread/,Grandma's Banana Bread,106,85,4.726315975,4.73,85,"3 cups sugar,1 cup margarine, softened,1 teaspoon vanilla extract,4 eggs,3 1/2 cups all-purpose flour,2 teaspoons baking soda,1/4 teaspoon salt,1 cup buttermilk,6 very ripe bananas, mashed,",545,95,15,60,75,325,165
http://allrecipes.com/recipe/7175/banana-chai-bread/,Banana Chai Bread,2,72,4.021052837,4.02,72,"1 3/4 cups all-purpose flour,1 tablespoon baking powder,1/2 teaspoon salt,3/4 cup white sugar,1/2 cup lowfat cream cheese,2 eggs,3/4 cup mashed bananas,1/4 cup brewed chai tea,",164,95,nan,nan,nan,and,nan
http://allrecipes.com/recipe/6757/simple-banana-bread/,Simple Banana Bread,33,79,3.966292143,3.97,79,"4 ripe bananas, mashed,2/3 cup white sugar,2 eggs,2 cups all-purpose flour,1 teaspoon baking powder,1/2 teaspoon salt,1/2 cup chopped walnuts,",237,89,15,65,80,350,175
http://allrecipes.com/recipe/220941/peanut-butter-chocolate-chip-banana-bread/,Peanut Butter Chocolate Chip Banana Bread,126,64,4.729411602,4.73,64,"cooking spray,1 cup whole wheat flour,1 teaspoon baking powder,1/2 teaspoon baking soda,1/4 teaspoon salt,2 ripe bananas, mashed,1/3 cup unsweetened crunchy peanut butter,3/4 cup brown sugar,1/4 cup plain fat-free yogurt,1 large egg,1 tablespoon canola oil,3/4 cup semisweet chocolate chips,",201,85,15,40,115,350,175
http://allrecipes.com/recipe/18503/country-banana-bread/,Country Banana Bread,77,76,4.289156437,4.29,76,"1 (18.25 ounce) package yellow cake mix,3 eggs,1 1/3 cups vegetable oil,4 bananas, mashed,",607,83,20,40,60,350,175
http://allrecipes.com/recipe/52536/whole-grain-banana-muffins/,Whole Grain Banana Muffins,77,59,4.230769157,4.23,59,"3/4 cup whole wheat pastry flour,1/2 cup whole wheat flour,1 cup oat bran,1/4 cup sugar,1 tablespoon baking powder,1/2 teaspoon salt,3/4 cup raisins,1/2 cup nonfat plain yogurt,1/4 cup low fat sour cream,1/4 cup unsweetened applesauce,1/4 cup maple syrup,2 teaspoons egg whites,1 teaspoon vanilla extract,3 small ripe bananas, mashed,1/4 cup chopped pecans,",177,78,15,18,33,400,200
http://allrecipes.com/recipe/218541/caramel-macchiato-banana-bread/,Caramel Macchiato Banana Bread,198,58,4.176470757,4.18,58,"cooking spray,2 cups all-purpose flour,1 teaspoon baking soda,1 teaspoon baking powder,1/2 teaspoon ground cinnamon,1/8 teaspoon salt,2 large very ripe bananas,1/2 cup caramel macchiato flavored liquid coffee creamer (such as International Delightå¨),1/2 cup vegetable oil,2 eggs,2/3 cup white sugar,2 tablespoons instant coffee granules,6 tablespoons unsalted butter,6 tablespoons packed brown sugar,1 teaspoon vanilla extract,",334,68,15,65,120,350,175
http://allrecipes.com/recipe/202895/whole-wheat-chocolate-banana-bread/,Whole Wheat Chocolate Banana Bread,65,56,4.015151501,4.02,56,"1/3 cup skim milk,1 teaspoon lemon juice,1 3/4 cups whole wheat flour,1/2 cup unsweetened cocoa powder,2 teaspoons baking powder,1/2 teaspoon baking soda,1 teaspoon ground cinnamon,1 teaspoon ground nutmeg,1/2 teaspoon salt,2 large eggs,3/4 cup white sugar,3 ripe bananas, mashed,1 tablespoon canola oil,1 teaspoon vanilla extract,",128,66,20,60,150,375,190
http://allrecipes.com/recipe/214581/brown-sugar-banana-bread/,Brown Sugar Banana Bread,115,56,4.46875,4.47,56,"4 ripe bananas, cut into chunks,1 1/4 cups light brown sugar,1/2 cup butter, softened,1 egg,1 teaspoon cinnamon,1 teaspoon vanilla extract,1/4 cup whole milk,2 cups all-purpose flour,1/2 teaspoon baking soda,1 teaspoon baking powder,1/2 teaspoon kosher salt,",415,64,15,40,55,350,175
http://allrecipes.com/recipe/104999/we-be-jammin-jamaican-banana-bread/,We Be Jammin' Jamaican Banana Bread,72,57,4.125,4.13,57,"2 tablespoons unsalted butter, softened,2 tablespoons cream cheese,1 cup white sugar,1 egg,2 cups all-purpose flour,2 teaspoons baking powder,1/2 teaspoon baking soda,1/8 teaspoon salt,1 cup mashed overripe bananas,1/2 cup milk,2 tablespoons dark rum, or rum flavoring,1/2 teaspoon lime zest,2 teaspoons lime juice,1 teaspoon vanilla extract,1/4 cup chopped toasted pecans,1/4 cup flaked coconut,Topping,1/4 cup brown sugar,2 teaspoons unsalted butter,2 teaspoons lime juice,2 teaspoons dark rum, or rum flavoring,2 tablespoons chopped toasted pecans,2 tablespoons flaked coconut,",131,64,45,60,165,,190
http://allrecipes.com/recipe/219816/family-banana-nut-bread-recipe/,Family Banana Nut Bread Recipe,162,57,4.609375,4.61,57,"1 (8 ounce) package cream cheese, softened,1 cup white sugar,1/2 cup butter,2 eggs, well-beaten,2 ripe bananas, mashed,2 1/4 cups all-purpose flour,1 1/2 teaspoons baking powder,1/2 teaspoon baking soda,1 cup chopped walnuts,",450,64,20,75,155,350,175
http://allrecipes.com/recipe/242314/browned-butter-banana-bread/,Browned Butter Banana Bread,245,50,4.296875,4.3,50,"1/2 cup butter,3 very ripe bananas,1/4 cup brown sugar,1/4 cup white sugar,1 egg,1 tablespoon vanilla extract,1 1/2 cups all-purpose flour,1 1/2 teaspoons baking soda,1 teaspoon ground cinnamon (optional),1/2 teaspoon ground nutmeg (optional),",389,64,15,50,80,another,nan
http://allrecipes.com/recipe/198829/bananas-foster-monkey-bread/,Bananas Foster Monkey Bread,92,54,4.746031761,4.75,54,"1/2 cup white sugar,1 tablespoon ground cinnamon,2 (7.5 ounce) packages buttermilk biscuit dough, cut into quarters,2 ripe bananas, coarsely chopped,1/4 cup chopped pecans,1/2 cup butter,1/2 cup packed light brown sugar,1 teaspoon vanilla,",427,63,nan,nan,nan,400,200
http://allrecipes.com/recipe/228684/paleo-banana-bread/,Paleo Banana Bread,120,58,4,4,58,"1 serving cooking spray,2 cups almond flour,1 tablespoon ground cinnamon,1 teaspoon baking soda,2 eggs,1/2 cup water,1 teaspoon almond extract,1/4 cup agave syrup,2 ripe bananas, mashed,1/2 teaspoon vanilla bean paste (optional),",127,61,15,45,60,350,175
http://allrecipes.com/recipe/22470/really-rich-banana-bread/,Really Rich Banana Bread,54,52,3.918032885,3.92,52,"1 cup unsalted butter,1 cup dark brown sugar,6 eggs,2 cups all-purpose flour,2 teaspoons baking powder,1/4 teaspoon ground nutmeg,1 pinch ground allspice,1 pinch salt,3 ripe bananas, mashed,1 teaspoon vanilla extract,",345,61,15,90,105,350,175
http://allrecipes.com/recipe/17281/molasses-banana-bread/,Molasses Banana Bread,66,54,3.766666651,3.77,54,"1/2 cup butter, softened,1 egg,1 cup molasses,2 cups mashed banana,1 cup whole wheat flour,3/4 cup all-purpose flour,1/2 teaspoon baking soda,1/2 teaspoon salt,1/2 teaspoon ground nutmeg,",249,60,20,60,80,350,175
http://allrecipes.com/recipe/211180/bangin-banana-bread/,Bangin' Banana Bread,69,47,4.566666603,4.57,47,"1/2 cup butter, at room temperature,1/2 cup white sugar,2 eggs, at room temperature,2 1/2 cups pureed ripe bananas,1 1/4 teaspoons baking soda,1/2 teaspoon baking powder,1/4 teaspoon kosher salt,1/2 teaspoon vanilla extract,2 cups all-purpose flour,1/2 cup coarsely chopped macadamia nuts,",270,60,15,60,85,350,175
http://allrecipes.com/recipe/6830/whole-wheat-banana-strawberry-loaf/,Whole Wheat Banana Strawberry Loaf,15,47,4.157894611,4.16,47,"2 cups whole wheat flour,1 teaspoon baking soda,2 eggs,5/8 cup vegetable oil, divided,1 1/2 cups white sugar,3 bananas, mashed,1 cup chopped strawberries,1 pinch ground cinnamon,",308,57,15,75,90,350,175
http://allrecipes.com/recipe/7200/banana-nut-and-ginger-bread/,Banana Nut and Ginger Bread,16,49,4.543859482,4.54,49,"2 cups packed brown sugar,1 cup mashed bananas,2 eggs,1 teaspoon vanilla extract,2 tablespoons vegetable oil (optional),3 cups all-purpose flour,2 teaspoons baking soda,1 teaspoon salt,1 1/2 teaspoons ground cinnamon,1/2 teaspoon ground allspice,1 tablespoon ground cardamom,1/2 teaspoon ground cloves,2 cups dark beer,1 1/2 cups chopped walnuts,2 tablespoons all-purpose flour,2 cups dates, pitted and chopped,2 tablespoons minced fresh ginger root,",246,57,25,60,85,350,175
http://allrecipes.com/recipe/218978/banana-apple-bread/,Banana Apple Bread,72,50,4.388888836,4.39,50,"2 3/4 cups all-purpose flour,2 teaspoons ground cinnamon,1 teaspoon baking soda,1/2 teaspoon salt,1 cup butter, melted,2 cups white sugar,4 eggs,1 cup plain Greek yogurt,1 1/2 teaspoons vanilla extract,3 large very ripe bananas, mashed,2 apples, cubed,3/4 cup chopped walnuts (optional),1/2 cup packed brown sugar,1/2 cup white sugar,1 tablespoon ground cinnamon,1/4 cup all-purpose flour,3 tablespoons butter, softened,banana slices for garnish,apple slices for garnish,",247,54,20,45,85,325,165
http://allrecipes.com/recipe/213007/banana-butterscotch-bread/,Banana Butterscotch Bread,51,35,4.400000095,4.4,35,"2 cups all-purpose flour,1 teaspoon baking powder,1/2 teaspoon baking soda,1/2 teaspoon salt,3/4 teaspoon ground cinnamon,1/2 teaspoon ground nutmeg,1/2 cup butter,3/4 cup white sugar,1 large egg,3 ripe bananas, mashed,3/4 cup butterscotch chips,1/2 cup chopped walnuts (optional),",159,45,15,25,160,350,175
http://allrecipes.com/recipe/41682/napoleons-banana-muffin/,Napoleon's Banana Muffin,40,38,4.534883499,4.53,38,"6 very ripe bananas, mashed,1/2 cup brown sugar,1/4 cup honey,1/4 cup spiced rum,1/4 cup cognac,3 cups all-purpose flour,1 teaspoon baking soda,2 teaspoons baking powder,1 teaspoon salt,1 1/2 cups white sugar,2/3 cup brown sugar,2 eggs, lightly beaten,10 tablespoons unsalted butter, melted,3 tablespoons butter,1 cup brown sugar,3 tablespoons all-purpose flour,2 teaspoons ground cinnamon,",296,43,30,20,50,375,190
http://allrecipes.com/recipe/20196/banana-walnut-cornbread/,Banana Walnut Cornbread,37,39,4.04651165,4.05,39,"2 tablespoons honey,2 bananas, mashed,1/4 cup vegetable oil,1/2 cup milk,2 teaspoons vanilla extract,1 cup cornmeal,1 cup whole wheat pastry flour,1 tablespoon baking powder,1 teaspoon baking soda,1/2 teaspoon ground cinnamon,1 1/2 cups chopped walnuts,1 banana, sliced,",381,43,10,50,60,350,175
http://allrecipes.com/recipe/216436/low-fat-banana-bread/,Low-Fat Banana Bread,73,38,4.642857075,4.64,38,"1 1/2 cups all-purpose flour,1 cup white sugar,1 teaspoon baking soda,1 teaspoon salt,1 egg,1/2 cup light mayonnaise,3 ripe bananas, mashed,1 teaspoon vanilla extract,",171,42,10,45,120,350,175
http://allrecipes.com/recipe/231183/quick-banana-nut-bread/,Quick Banana Nut Bread,115,40,4.785714149,4.79,40,"1 serving cooking spray,1 (18.25 ounce) package yellow cake mix,1 cup chopped pecans,2 ripe bananas, mashed,1/2 cup water,1/2 cup vegetable oil,1 (3.5 ounce) package instant vanilla pudding mix,4 eggs,",305,42,15,45,60,350,175
http://allrecipes.com/recipe/228442/raspberry-banana-bread/,Raspberry Banana Bread,97,32,4.682926655,4.68,32,"3/4 cup frozen unsweetened raspberries, thawed,1 ripe banana,1 1/2 cups all-purpose flour,3/4 teaspoon ground cinnamon,1/2 teaspoon baking soda,1/4 teaspoon salt,1/8 teaspoon ground nutmeg,1 cup white sugar,2 eggs,1/2 cup vegetable oil,1/2 teaspoon lemon extract,",273,41,25,60,115,325,165
http://allrecipes.com/recipe/239725/banana-zucchini-bread-muffins/,Banana Zucchini Bread Muffins,86,35,4.574999809,4.57,35,"2 over-ripe bananas, mashed,1 1/2 cups white sugar,1 cup shredded zucchini,1 cup applesauce,3 eggs,1/2 cup packed brown sugar,1 teaspoon vanilla extract,2 cups all-purpose flour,1 cup whole wheat flour,1 tablespoon ground cinnamon,1 teaspoon salt,1 teaspoon baking soda,1/2 teaspoon baking powder,1/2 cup oats,",101,40,15,20,35,350,175
http://allrecipes.com/recipe/15426/cranapana-bread/,Cranapana Bread,46,37,4.236842155,4.24,37,"2 1/2 cups self-rising flour,1 cup white sugar,2 tablespoons vegetable oil,3/4 cup milk,2 eggs, beaten,1 cup chopped cranberries,1 apple - peeled, cored, and chopped,1 banana, peeled and mashed,",215,38,25,60,85,350,175
http://allrecipes.com/recipe/142527/amish-friendship-banana-nut-bread/,Amish Friendship Banana Nut Bread,39,28,4.777777672,4.78,28,"1/2 cup shortening,4 large ripe bananas,2 cups Amish Friendship Bread Starter (see footnote for recipe link),3 eggs,1/2 cup milk,1 cup white sugar,1 cup chopped walnuts,1 1/2 teaspoons baking powder,1/2 teaspoon baking soda,1/2 teaspoon salt,2 cups all-purpose flour,",160,36,15,75,90,325,165
http://allrecipes.com/recipe/216774/angies-to-die-for-banana-bread/,Angie's To-Die-For Banana Bread,57,33,4.771428585,4.77,33,"3 1/2 cups all-purpose flour,2 teaspoons baking soda,1 teaspoon salt,1/2 cup butter at room temperature,1/2 cup vegetable shortening,2 cups white sugar,1/2 cup brown sugar,4 ripe bananas,4 eggs,1 cup buttermilk,1/2 cup sour cream,2 1/2 teaspoons vanilla extract,",311,35,nan,nan,nan,350,175
http://allrecipes.com/recipe/16705/banana-maple-nut-bread/,Banana Maple Nut Bread,36,28,3.363636255,3.36,28,"2 cups whole wheat flour,1/4 teaspoon salt,1/2 cup vegetable oil,1/2 cup pure maple syrup,4 eggs, separated,2 tablespoons milk,3 bananas, mashed,1/2 cup chopped walnuts,",214,33,10,50,60,350,175
http://allrecipes.com/recipe/24519/brown-sugar-banana-nut-bread-ii/,Brown Sugar Banana Nut Bread II,31,30,3.606060505,3.61,30,"1/2 cup milk,2 tablespoons butter, softened,2 eggs,1/4 cup white sugar,1/4 cup brown sugar,1 1/2 cups all-purpose flour,1 teaspoon salt,1 teaspoon baking soda,1 (.25 ounce) package active dry yeast,2 small ripe bananas, sliced,1/2 cup chopped walnuts,",167,33,5,90,95,has,nan
http://allrecipes.com/recipe/23008/delicious-raisin-nut-banana-bread/,Delicious Raisin Nut Banana Bread,29,28,4.677419186,4.68,28,"2 cups raisin nut bran cereal,1/2 cup milk,1 1/2 cups all-purpose flour,3 1/2 teaspoons baking powder,1 teaspoon baking soda,1/4 teaspoon salt,1 cup mashed ripe banana,1/2 cup white sugar,1/4 cup brown sugar,1/4 cup vegetable oil,1 egg,",204,nan,15,55,70,350,175
http://allrecipes.com/recipe/216540/cranberry-banana-oat-bread/,Cranberry Banana Oat Bread,52,27,4.483870983,4.48,27,"1 1/4 cups all-purpose flour,1 cup quick cooking oats,1 tablespoon baking powder,1/2 teaspoon salt,2 large eggs,1 1/4 cups mashed ripe bananas,2 tablespoons sour cream,1/3 cup melted butter,1/2 cup white sugar,3/4 cup dried cranberries,1/2 teaspoon lemon juice,",254,31,15,45,120,350,175
http://allrecipes.com/recipe/218585/mommys-banana-bread/,Mommy's Banana Bread,61,25,4.645161152,4.65,25,"2 teaspoons butter,1 tablespoon white sugar,1 teaspoon ground cinnamon,2 cups all-purpose flour,1 tablespoon baking powder,1/2 teaspoon salt,1 teaspoon ground cinnamon,1/2 teaspoon ground nutmeg,1/2 cup butter, softened,1 cup white sugar,2 eggs,1 cup mashed ripe bananas,1/4 cup milk,1 teaspoon white sugar, or as needed,",253,31,20,60,110,350,175
http://allrecipes.com/recipe/215623/bobras-banana-bread/,Bobra's Banana Bread,36,26,4.599999905,4.6,26,"3/4 cup whole wheat flour,3/4 cup all-purpose flour,1 teaspoon baking soda,1/2 teaspoon kosher salt, or to taste,1/2 teaspoon ground cinnamon,1/4 teaspoon ground nutmeg,1/2 cup butter, softened,1/2 cup white sugar,1 egg,1 teaspoon vanilla extract,3 ripe bananas,1/4 cup plain yogurt,",229,30,20,50,100,350,175
http://allrecipes.com/recipe/147988/banana-bran-zucchini-bread/,Banana Bran Zucchini Bread,26,24,4.533333302,4.53,24,"1/4 cup canned pumpkin,1 very ripe banana, mashed,1 egg,2 egg whites,1 cup maple syrup,1/3 cup raw sugar, such as turbinado or demerara,1 tablespoon vanilla extract,2 cups grated unpeeled zucchini,2 cups whole wheat pastry flour,1 cup unprocessed bran,1 teaspoon salt,1 teaspoon baking soda,1/4 teaspoon baking powder,1 tablespoon ground cinnamon,1/2 teaspoon ground nutmeg,1/4 teaspoon ground cloves,1/4 teaspoon ground ginger,1/4 teaspoon ground allspice,",109,30,30,50,200,350,175
http://allrecipes.com/recipe/17403/strawnana-smoothie-bread/,Strawnana Smoothie Bread,23,23,3.200000048,3.2,23,"1/4 cup yogurt,3/4 cup chopped strawberries,1/4 cup milk,1 cup mashed banana,1 tablespoon orange juice,1 cup white sugar,1/2 teaspoon vanilla extract,1/4 teaspoon ground nutmeg,1 1/2 cups all-purpose flour,1/2 teaspoon baking powder,1/2 teaspoon baking soda,",149,30,20,60,80,350,175
http://allrecipes.com/recipe/17601/the-greatest-banana-bread/,The Greatest Banana Bread,55,29,4.433333397,4.43,29,"1 3/4 cups all-purpose flour,1 cup white sugar,1 teaspoon baking soda,3 ripe bananas, mashed,2 eggs,1/2 cup vegetable oil,5 tablespoons buttermilk,1 teaspoon vanilla extract,1/2 cup chopped walnuts,",286,30,20,80,110,325,165
http://allrecipes.com/recipe/24931/nutty-banana-bread/,Nutty Banana Bread,26,24,4.448276043,4.45,24,"3 cups all-purpose flour,2 teaspoons baking soda,1/2 teaspoon salt,10 bananas, mashed,3/4 cup butter, softened,1 cup brown sugar,3 eggs, beaten,3/4 cup walnut halves or pieces,1/4 cup pecan halves or pieces,",215,29,15,45,60,350,175
http://allrecipes.com/recipe/212769/cranberry-pumpkin-banana-bread/,Cranberry Pumpkin Banana Bread,39,24,4.724137783,4.72,24,"1 1/2 cups all-purpose flour,1 1/4 teaspoons baking soda,1 teaspoon salt,1 teaspoon ground cinnamon,1/2 teaspoon ground nutmeg,1 tablespoon butter, softened,1 cup packed brown sugar,1 cup solid pack pumpkin puree,1/2 cup whole cranberry sauce,1 egg,1 banana, mashed,",175,29,20,60,80,350,175
http://allrecipes.com/recipe/7242/cardamom-banana-bread/,Cardamom Banana Bread,1,25,4,4,25,"2/3 cup raisins,1/3 cup dark rum,3 ripe bananas, mashed,3/4 cup packed brown sugar,1/3 cup canola oil,2 eggs,1 cup all-purpose flour,3/4 cup whole wheat flour,1 teaspoon baking powder,1 teaspoon baking soda,1 teaspoon salt,1 teaspoon ground cardamom,1/2 cup chopped walnuts, toasted,",281,28,20,60,80,350,175
http://allrecipes.com/recipe/166496/ozs-banana-nut-and-raisin-bread-for-abm/,Oz's Banana-Nut and Raisin Bread for ABM,40,23,3.538461447,3.54,23,"1 cup milk, room temperature,2 tablespoons butter, softened,2 ripe bananas,3 1/2 cups all-purpose flour,2 tablespoons white sugar,1 teaspoon salt,1 teaspoon ground cinnamon,2 1/2 teaspoons active dry yeast or bread machine yeast,1/2 cup raisins,1/2 cup walnuts,",179,26,5,170,175,has,nan
http://allrecipes.com/recipe/214760/roasted-pecan-banana-bread-loaves/,Roasted Pecan Banana Bread Loaves,33,22,4.800000191,4.8,22,"3/4 cup chopped pecans,1 1/2 cups all-purpose flour,1 teaspoon baking soda,1 teaspoon baking powder,1/4 teaspoon salt,1 1/2 cups very ripe, mashed bananas,1 cup white sugar,2 large eggs,1 1/2 teaspoons vanilla extract,1/2 teaspoon coconut extract,2 tablespoons lemon juice,1/2 cup light butter, at room temperature,",181,25,15,75,95,275,135
http://allrecipes.com/recipe/236474/salted-caramel-banana-bread/,Salted Caramel Banana Bread,50,18,4.458333492,4.46,18,"cooking spray,Bread:,2 cups all-purpose flour,1 tablespoon baking powder,1/2 teaspoon kosher salt,1/2 cup unsalted butter, softened,1 cup packed light brown sugar,2 eggs,3 ripe bananas, mashed,1 tablespoon vanilla extract,Glaze:,1/4 cup packed light brown sugar,2 tablespoons unsalted butter,2 tablespoons heavy whipping cream,1/3 cup confectioners' sugar,1/4 teaspoon kosher salt,",312,24,15,45,80,350,175
http://allrecipes.com/recipe/6775/mrs-kurtzs-banana-bread/,Mrs. Kurtz's Banana Bread,12,19,4.666666508,4.67,19,"1/4 cup margarine, softened,1 cup white sugar,1 egg,1 1/2 cups mashed bananas,1/4 cup sour milk,3/4 teaspoon baking soda,1 1/2 cups all-purpose flour,1/4 teaspoon salt,",188,nan,10,60,70,loaf,nan
http://allrecipes.com/recipe/6747/lower-fat-banana-nut-bread/,Lower Fat Banana Nut Bread,3,17,4.13043499,4.13,17,"3/4 cup fat free sour cream,4 egg whites,1/4 cup chopped walnuts,1/3 cup raisins (optional),2 teaspoons baking powder,2 teaspoons baking soda,6 very ripe bananas, mashed,2 tablespoons reduced fat margarine,1 tablespoon vanilla extract,1 teaspoon salt,2/3 cup packed light brown sugar,4 cups unbleached all-purpose flour,",188,23,nan,nan,nan,375,190
http://allrecipes.com/recipe/235521/grain-free-banana-bread/,Grain Free Banana Bread,49,19,4.681818008,4.68,19,"3 ripe bananas,1 (15 ounce) can chickpeas (garbanzo beans), drained and rinsed,1/2 cup melted butter,1/2 cup chopped pitted dates,1/2 cup almond flour,1/4 cup honey,4 eggs,1 teaspoon baking soda,1 teaspoon grated fresh ginger,1 teaspoon ground cinnamon,1 teaspoon vanilla extract,3/4 teaspoon salt,",190,22,15,60,90,350,175
http://allrecipes.com/recipe/232380/simple-peanut-butter-banana-bread/,Simple Peanut Butter Banana Bread,43,21,4.409090996,4.41,21,"3/4 cup peanut butter,1/3 cup shortening,2/3 cup white sugar,1 cup mashed very ripe banana,2 eggs,1 3/4 cups all-purpose flour,2 teaspoons baking powder,1/2 teaspoon salt,1/4 teaspoon baking soda,1/4 cup buttermilk,",336,22,20,60,80,350,175
http://allrecipes.com/recipe/135490/banana-bread-with-oat-streusel-topping/,Banana Bread with Oat-Streusel Topping,23,18,4.136363506,4.14,18,"1/4 cup cold butter, cut into small pieces,1/2 cup all-purpose flour,1/4 cup packed brown sugar,1 teaspoon ground cinnamon,1/2 cup quick cooking oats,1 1/4 cups white sugar,1/2 cup butter, softened,2 eggs,3 ripe bananas, mashed,1/2 cup buttermilk,1 teaspoon vanilla extract,2 1/2 cups all-purpose flour,2 teaspoons pumpkin pie spice,2 teaspoons baking powder,1/2 teaspoon ground cinnamon,1 cup chopped nuts (optional),",327,22,20,75,125,350,175
http://allrecipes.com/recipe/239246/banana-walnut-bread/,Banana Walnut Bread,57,19,4.136363506,4.14,19,"1 1/4 cups all-purpose flour,1/2 cup sugar,2 teaspoons Argoå¨ Baking Powder,1/4 teaspoon salt,1 egg,3/4 cup mashed bananas,1/2 cup Mazolaå¨ Corn Oil,1/2 teaspoon Spice Islandså¨ Pure Vanilla Extract,1/2 cup chopped walnuts,As needed Mazolaå¨ Pure No-Stick Canola or Butter Flavored Cooking Spray (optional),",210,22,10,35,45,350,nan
http://allrecipes.com/recipe/143084/simply-delicious-banana-crumb-bread/,Simply Delicious Banana Crumb Bread,21,20,3.714285612,3.71,20,"1 1/2 cups all-purpose flour,1 cup white sugar,1 1/2 teaspoons baking powder,1/2 cup shortening,2 eggs,1 cup milk,1 teaspoon almond extract,1 teaspoon ground cinnamon,1 very ripe banana, mashed,3/4 cup all-purpose flour,1/2 cup brown sugar, packed,1 cup quick-cooking rolled oats,1/2 teaspoon ground cinnamon,1/2 cup cold butter,",464,21,15,45,60,350,175
http://allrecipes.com/recipe/6712/brazilian-banana-bread/,Brazilian Banana Bread,8,16,4.142857075,4.14,16,"3 tablespoons margarine,2 cups white sugar,3 egg yolks,3 cups all-purpose flour,1 tablespoon baking powder,1 cup milk,3 egg whites,6 bananas,2 tablespoons white sugar,1 teaspoon ground cinnamon,",355,21,25,35,60,350,175
http://allrecipes.com/recipe/237470/ginger-banana-bread/,Ginger Banana Bread,43,18,4.736842155,4.74,18,"2 cups all-purpose flour,1 teaspoon baking soda,1 teaspoon ground cinnamon,1/4 teaspoon ground nutmeg,1/4 teaspoon ground ginger,1/4 teaspoon salt,1/2 cup butter, softened,1/2 cup white sugar,1/2 cup brown sugar,2 1/3 cups mashed overripe bananas,2 eggs, beaten,1 tablespoon lemon juice,1 teaspoon vanilla extract,",264,nan,15,60,85,350,175
http://allrecipes.com/recipe/7090/banana-macadamia-nut-bread/,Banana Macadamia Nut Bread,2,14,3.388888836,3.39,14,"2/3 cup warm water (110 degrees F/45 degrees C),3/4 cup mashed bananas,2 tablespoons margarine, softened,1 egg,3 1/4 cups bread flour,3 tablespoons white sugar,1 1/4 teaspoons salt,2 3/4 teaspoons active dry yeast,1/2 cup chopped macadamia nuts,",224,18,5,180,185,your,nan
http://allrecipes.com/recipe/234521/paleo-chocolate-and-cinnamon-banana-bread/,Paleo Chocolate and Cinnamon Banana Bread,45,15,4.444444656,4.44,15,"1 cup semi-sweet chocolate chunks,1 tablespoon unsalted butter,1 teaspoon coconut oil, or more as needed,2 tablespoons ground cinnamon,1 cup mashed ripe bananas,1/2 cup coconut flour,1 teaspoon baking soda,1/8 teaspoon sea salt,1/2 cup almond butter,4 eggs,1 teaspoon coconut oil,",294,18,15,55,70,in,nan
http://allrecipes.com/recipe/231961/double-banana-nut-bread/,Double Banana Nut Bread,57,16,4.222222328,4.22,16,"1 1/3 cups vegetable oil,2 cups white sugar,4 eggs, whisked,5 cups mashed bananas,1 tablespoon lemon juice,4 cups all-purpose flour,2 tablespoons baking powder,1 teaspoon salt,2 cups chopped walnuts,",366,18,20,75,95,350,175
http://allrecipes.com/recipe/222147/healthier-banana-sour-cream-bread/,Healthier Banana Sour Cream Bread,29,15,4.5,4.5,15,"2 tablespoons white sugar,1 teaspoon ground cinnamon,1/2 cup butter,1 1/2 cups white sugar,3 eggs,6 very ripe bananas, mashed,1 (16 ounce) container reduced fat sour cream,2 teaspoons vanilla extract,2 teaspoons ground cinnamon,1/2 teaspoon salt,3 teaspoons baking soda,2 1/2 cups all-purpose flour,2 cups white whole wheat flour,1 cup chopped walnuts (optional),",196,18,10,60,70,300,150
http://allrecipes.com/recipe/74845/moist-banana-raisin-bread/,Moist Banana Raisin Bread,18,14,3.470588207,3.47,14,"1 1/2 tablespoons butter, melted,1/3 cup white sugar,1/3 cup peanut butter,1 egg, lightly beaten,1 ripe banana, mashed,1 1/2 tablespoons milk,1 cup all-purpose flour,1/2 teaspoon baking powder,1/4 teaspoon baking soda,1 dash salt,1/2 cup raisins,1/4 cup chopped roasted peanuts,",168,17,15,45,60,350,175
http://allrecipes.com/recipe/154339/fig-and-banana-loaf/,Fig and Banana Loaf,20,12,4.25,4.25,12,"2 eggs,1 cup soy milk,1/2 cup firmly packed brown sugar,2 tablespoons olive oil,1 1/3 cups mashed ripe bananas,2 1/2 cups whole wheat flour,1 tablespoon baking powder,1 teaspoon salt,1 teaspoon cinnamon,1 cup dried figs, chopped,",137,16,20,55,75,350,175
http://allrecipes.com/recipe/223066/blueberry-banana-nut-bread/,Blueberry Banana Nut Bread,32,11,4.5,4.5,11,"1 1/2 cups fresh blueberries,2 tablespoons cake flour,1/2 cup steel-cut oats,1/2 cup chopped pecans,1 1/2 cups cake flour,3 tablespoons cake flour,1 teaspoon baking soda,1/4 teaspoon salt,1/2 cup white sugar,1/2 cup brown sugar,1/4 cup Greek yogurt,1/4 cup applesauce,2 eggs,1 teaspoon vanilla extract,1 cup mashed banana,2 tablespoons cold butter,1/4 cup brown sugar,",265,16,20,55,150,350,175
http://allrecipes.com/recipe/239454/banana-bread-from-motts/,Banana Bread from Mott'så¨,20,15,3.533333302,3.53,15,"1/2 cup Mott'så¨ Natural Applesauce,2 1/2 cups all-purpose flour,2 teaspoons baking powder,2 teaspoons baking soda,1/2 teaspoon ground allspice,4 medium ripe bananas, mashed,1 cup sugar,3 egg whites,2 tablespoons vegetable oil,1 teaspoon vanilla extract,",169,15,nan,nan,nan,375,nan
http://allrecipes.com/recipe/21435/oatmeal-banana-cinnamon-bread/,Oatmeal Banana Cinnamon Bread,18,14,3.285714388,3.29,14,"1/2 cup water,3/4 cup mashed banana,2 tablespoons vegetable oil,1 teaspoon butter flavored extract,1 teaspoon vanilla extract,1/2 teaspoon orange extract,1 cup rolled oats,1 teaspoon salt,1 tablespoon white sugar,1 teaspoon grated orange zest,1/2 teaspoon ground cinnamon,1/4 teaspoon ground nutmeg,2 cups bread flour,1 1/2 teaspoons active dry yeast,",148,14,10,180,190,press,nan
http://allrecipes.com/recipe/215139/banana-plum-bread/,Banana Plum Bread,19,10,4.076922894,4.08,10,"1/2 cup white sugar,1/2 cup margarine, softened,2 eggs,2 3/4 cups all-purpose flour,1 1/2 teaspoons baking powder,1/2 teaspoon baking soda,1 1/2 cups mashed ripe bananas,1 cup plums, pitted and chopped,",247,13,25,60,85,350,175
http://allrecipes.com/recipe/7035/basic-fruit-bread-recipe/,Basic Fruit Bread Recipe,4,12,3.615384579,3.62,12,"3 cups all-purpose flour,2 teaspoons baking powder,1 teaspoon baking soda,1/2 teaspoon salt,1 cup white sugar,1/2 cup vegetable oil,2 eggs,1 cup shredded apple,3/4 cup chopped walnuts,1/2 teaspoon vanilla extract,",391,13,10,40,50,350,175
http://allrecipes.com/recipe/20662/delicious-raisin-nut-banana-bread/,Delicious Raisin Nut Banana Bread,10,9,4.099999905,4.1,9,"2 cups raisin nut bran cereal,1/2 cup milk,1/4 cup vegetable oil,1 egg, beaten,1 1/2 cups all-purpose flour,1/2 cup white sugar,1/4 cup brown sugar,3 1/2 teaspoons baking powder,1 teaspoon baking soda,1/4 teaspoon salt,1 cup mashed banana,",208,10,15,55,70,350,175
http://allrecipes.com/recipe/229003/banana-peach-bread/,Banana Peach Bread,20,7,4.599999905,4.6,7,"3/4 cup white sugar,1/2 cup butter, softened,1 tablespoon brown sugar,1 tablespoon instant hot chocolate mix,3 bananas, peeled,1 large fresh peach - peeled, pitted, and diced,1/4 cup milk,2 eggs,1 tablespoon vanilla extract,2 cups all-purpose flour,1/2 cup chopped walnuts (optional),1 teaspoon baking soda,1 teaspoon salt,",208,nan,20,50,130,350,175
http://allrecipes.com/recipe/219814/dads-banana-nut-bread/,Dad's Banana Nut Bread,20,10,4.900000095,4.9,10,"1/2 cup butter, softened,1 cup white sugar,2 eggs,2 very ripe bananas, mashed,1 cup self-rising flour,1/4 cup flax seed meal,1/2 cup chopped walnuts (optional),",182,nan,20,60,140,325,165
http://allrecipes.com/recipe/240750/moms-carrot-banana-bread/,Mom's Carrot Banana Bread,31,10,3.700000048,3.7,10,"2 cups all-purpose flour,1 teaspoon baking soda,1/2 teaspoon baking powder,1/2 teaspoon ground cinnamon,1/4 teaspoon salt,1 cup brown sugar,1/2 cup butter, softened,3 bananas, mashed,1 cup grated carrots,1 cup walnuts,",298,10,15,50,65,350,175
http://allrecipes.com/recipe/241552/buttermilk-banana-bread/,Buttermilk Banana Bread,35,9,4.400000095,4.4,9,"2 cups flour,1 teaspoon baking soda,1/2 teaspoon ground cinnamon,1 1/4 cups white sugar,1/2 cup shortening,2 egg, beaten,1 cup mashed ripe banana,1 teaspoon vanilla extract,1/2 cup buttermilk,",266,nan,15,60,85,350,175
http://allrecipes.com/recipe/247087/honey-spice-whole-wheat-banana-bread/,Honey-Spice Whole Wheat Banana Bread,18,8,4.777777672,4.78,8,"1 1/4 cups walnuts,1 1/2 cups whole wheat flour,1/2 cup all-purpose flour,1 teaspoon ground cinnamon,3/4 teaspoon baking soda,1/2 teaspoon salt,1/4 teaspoon ground nutmeg,1 1/2 cups mashed overripe bananas, or more to taste,1/2 cup raw honey,2 eggs, lightly beaten,1/4 cup plain yogurt,1/4 cup coconut oil, melted and cooled,2 tablespoons butter, melted and cooled,1 teaspoon vanilla extract,",293,nan,15,60,75,350,175
http://allrecipes.com/recipe/219815/quick-mix-banana-nut-bread/,Quick Mix Banana Nut Bread,23,7,4.111111164,4.11,7,"1 tablespoon cider vinegar,3 tablespoons milk,1/2 cup butter, softened,1 cup white sugar,3 ripe bananas, sliced,2 cups all-purpose flour,2 teaspoons baking soda,1 cup chopped walnuts,2 eggs, beaten,",234,9,15,45,120,325,165
http://allrecipes.com/recipe/216466/breakfast-banana-cake/,Breakfast Banana Cake,10,9,3.555555582,3.56,9,"1 1/2 cups all-purpose flour,1/2 cup rolled oats,1 teaspoon baking soda,1 teaspoon salt,1 teaspoon ground cinnamon, or to taste,1/2 cup brown sugar,2 eggs, beaten,1 cup bananas, sliced,1 teaspoon vanilla extract,1 tablespoon grated orange zest,1/2 cup melted butter,1/4 cup flaked coconut,1/4 cup sliced almonds, or as needed,",341,9,20,35,120,325,165
http://allrecipes.com/recipe/218721/bates-banana-bread/,Bates Banana Bread,16,7,4.5,4.5,7,"1 1/4 cups brown sugar,1/2 cup butter, softened,2 eggs,5 very ripe bananas, mashed,2 teaspoons lemon juice,1/2 cup milk,2 teaspoons vanilla extract,2 1/2 cups all-purpose flour,1 teaspoon baking soda,1 teaspoon salt,1 teaspoon ground cinnamon,1/2 cup white sugar,1/3 cup all-purpose flour,1/4 cup unsalted butter, cubed,1 1/2 teaspoons ground cinnamon,",182,8,15,45,60,350,175
http://allrecipes.com/recipe/236593/gluten-free-moist-choc-chip-banana-bread/,Gluten-Free Moist Choc Chip Banana Bread,26,8,4,4,8,"1 1/2 cups white sugar,1/2 cup applesauce,3 ripe bananas, pureed,1/2 cup plain fat-free Greek yogurt,1 egg,1 teaspoon vanilla extract,2 cups gluten-free all-purpose baking flour (such as Bob's Red Millå¨),2 teaspoons xanthan gum,1 teaspoon baking powder,1 teaspoon baking soda,1/2 cup miniature chocolate chips, or more to taste,1 cup chopped walnuts (optional),",292,8,15,45,60,350,175
http://allrecipes.com/recipe/233752/banana-strawberry-oat-bread/,Banana Strawberry Oat Bread,11,7,3.285714388,3.29,7,"2 cups quartered strawberries,1 tablespoon white sugar, or to taste,1 1/3 cups whole wheat flour,3/4 cup all-purpose flour,1/2 cup rolled oats,2/3 cup white sugar,2 teaspoons baking powder,1 teaspoon ground cinnamon,2 bananas, slightly mashed,4 eggs,3 tablespoons olive oil,2 teaspoons vanilla extract,",130,7,15,25,40,375,190
http://allrecipes.com/recipe/7094/banana-nut-oatmeal-bread/,Banana Nut Oatmeal Bread,5,7,2.714285612,2.71,7,"1/3 cup steel cut oats,1/3 cup boiling water,1/4 cup warm water (110 degrees F/45 degrees C),1 egg,2 tablespoons vegetable oil,1 cup mashed bananas,3 tablespoons brown sugar,1 1/2 teaspoons salt,1/4 cup powdered buttermilk,1 cup quick cooking oats,2 1/2 cups all-purpose flour,2 teaspoons active dry yeast,1/2 cup chopped walnuts,",236,7,5,180,185,room,nan
http://allrecipes.com/recipe/235224/cherry-pineapple-banana-bread/,Cherry Pineapple Banana Bread ,23,6,4.166666508,4.17,6,"1 cup white sugar,1/2 cup brown sugar,1/4 cup butter, softened,1/4 cup applesauce,1 egg,2 egg whites,1 cup mashed ripe bananas,1 teaspoon vanilla extract,1/2 teaspoon ground cinnamon,2 cups self-rising flour,1/2 cup buttermilk,1 (8 ounce) can crushed pineapple, drained,1/2 cup chopped maraschino cherries,",99,6,20,45,75,350,175
http://allrecipes.com/recipe/236059/favorite-banana-bread/,Favorite Banana Bread,35,6,4.333333492,4.33,6,"2 1/4 cups all-purpose flour,1 1/2 teaspoons CALUMET Baking Powder,1/2 teaspoon baking soda,1 (8 ounce) package PHILADELPHIA Cream Cheese, softened,1/4 cup butter, softened,1 cup sugar,1 cup mashed fully ripe bananas,2 eggs,1 cup chopped PLANTERS Walnuts,",248,6,nan,nan,nan,350,nan
http://allrecipes.com/recipe/231284/whiskey-and-bacon-banana-bread/,Whiskey and Bacon Banana Bread,7,6,4.166666508,4.17,6,"butter-flavored cooking spray (such as Pamå¨),3 very ripe bananas,1 tablespoon vanilla extract,1 tablespoon banana extract,1 1/2 fluid ounces whiskey and honey liqueur (such as Jack Daniel's Tennessee Honeyå¨),1 cup butter,2 cups white sugar,4 eggs,3 tablespoons bacon drippings,5 slices cooked bacon,2 1/4 cups all-purpose flour,1 teaspoon baking soda,1 teaspoon salt,1/2 teaspoon baking powder,",367,6,15,45,60,325,165
http://allrecipes.com/recipe/204768/blueberry-upside-down-banana-nut-bread/,Blueberry Upside-Down Banana Nut Bread,7,5,4,4,5,"1/2 cup canola oil,1/3 cup cold water,3 eggs,1 egg white,2 large bananas, mashed,1 cup white sugar,2 cups all-purpose flour,1 1/2 teaspoons baking soda,1 teaspoon salt,2 tablespoons flax seeds,1/4 cup chopped pecans,1 pint fresh blueberries,1/4 cup white sugar,",320,nan,20,45,185,350,175
http://allrecipes.com/recipe/214582/my-aunts-banana-bread/,My Aunt's Banana Bread,5,5,3,3,5,"3 ripe bananas, mashed,1 teaspoon distilled white vinegar,1 1/2 cups white sugar,1/2 cup butter, softened,2 eggs, beaten,2 1/4 cups all-purpose flour,3/4 teaspoon baking soda,1/2 teaspoon baking powder,1/2 teaspoon salt,1/2 cup chopped walnuts (optional),1/2 cup chocolate chips (optional),",354,nan,15,50,85,350,175
http://allrecipes.com/recipe/223067/best-hawaiian-banana-nut-bread/,Best Hawaiian Banana Nut Bread,14,4,4.599999905,4.6,4,"2 cups all-purpose flour,1 1/4 cups white sugar,1 tablespoon light brown sugar,3/4 teaspoon baking soda,3/4 teaspoon ground cinnamon,1/2 teaspoon baking powder,1/2 teaspoon salt,1 1/3 cups mashed bananas,2/3 cup canola oil,2/3 cup crushed pineapple, drained,2/3 cup flaked coconut,1/4 cup chopped walnuts,1/4 cup chopped macadamia nuts,2 eggs, well beaten,4 teaspoons applesauce,1 1/2 teaspoons vanilla extract,1 teaspoon lemon extract,1/2 teaspoon coconut extract,2 tablespoons butter, at room temperature,1/4 cup white sugar,1/4 cup chopped walnuts,1/4 cup chopped macadamia nuts,1 teaspoon milk,",441,nan,30,70,130,350,175
http://allrecipes.com/recipe/242330/paleo-sunflower-banana-bread/,Paleo Sunflower Banana Bread,15,5,4.199999809,4.2,5,"1/2 cup coconut flour,1 teaspoon baking soda,1 teaspoon baking powder,1 teaspoon ground cinnamon, or more to taste,1/4 teaspoon salt,3 ripe bananas,6 eggs,1/4 cup coconut sugar, and more for topping,1 teaspoon alcohol-free vanilla extract,1/3 cup sunflower seeds,",148,nan,15,45,80,350,175
http://allrecipes.com/recipe/242243/vegan-banana-bread/,Vegan Banana Bread,15,3,5,5,3,"2 1/2 cups pecan halves,1 1/2 cups rolled oats,6 large over-ripe bananas, mashed,1 cup cane sugar,1 3/4 cups white whole wheat flour,1 tablespoon baking powder,1/2 cup coconut oil, melted,1 teaspoon sea salt,",218,nan,15,45,60,350,175
http://allrecipes.com/recipe/230483/nutty-banana-chocolate-chip-bread/,Nutty Banana Chocolate Chip Bread,3,4,4.25,4.25,4,"3/4 cup unbleached all-purpose flour,3/4 cup whole wheat flour,1/4 cup milled flax seed,1 teaspoon baking powder,1 teaspoon baking soda,1 teaspoon salt,1 teaspoon ground cinnamon,1/2 teaspoon ground cloves,1/4 teaspoon ground nutmeg,1/2 cup butter, at room temperature,1/2 cup brown sugar,1/2 cup granular sucralose sweetener (such as Splendaå¨),2 eggs,1 teaspoon vanilla extract,1 teaspoon lemon juice,1/2 cup nonfat plain yogurt,3 medium bananas, mashed,1/2 cup chopped walnuts,1/2 cup miniature semisweet chocolate chips (optional),1 tablespoon chopped walnuts,1 tablespoon miniature semisweet chocolate chips,",348,nan,15,70,85,325,165
http://allrecipes.com/recipe/232379/whole-wheat-peanut-butter-banana-bread/,Whole Wheat Peanut Butter Banana Bread,5,4,4.5,4.5,4,"2 cups mashed bananas,1/2 cup honey,1/4 cup vegetable oil,2 eggs,2 tablespoons reduced-fat peanut butter,1 teaspoon vanilla extract,1 cup whole wheat pastry flour,1 cup whole wheat bread flour,3/4 cup wheat germ,1 teaspoon salt,1 teaspoon baking soda,",231,nan,20,60,110,350,175
http://allrecipes.com/recipe/231317/bitter-chocolate-lavender-and-banana-tea-loaf/,"Bitter Chocolate, Lavender, and Banana Tea Loaf",2,3,5,5,3,"1 cup mashed banana,3/4 cup white sugar,1/2 cup butter, softened,1/2 cup vegetable shortening,2 large eggs,2 teaspoons grated fresh orange zest,2 teaspoons dried orange peel,1 teaspoon grated nutmeg,1 teaspoon vanilla extract,2 cups all-purpose flour,1 tablespoon baking powder,1/2 cup chopped bitter chocolate,1 teaspoon dried lavender flowers,1 tablespoon coarse sugar for decorating (optional),",442,nan,25,60,85,350,175
http://allrecipes.com/recipe/228138/powerhouse-banana-bread/,Powerhouse Banana Bread,7,3,4.666666508,4.67,3,"1 tablespoon white sugar (optional),2 teaspoons ground cinnamon (optional),2 cups whole wheat flour,1 1/2 cups quick cooking oats,1 cup all-purpose flour,1 tablespoon baking soda,1 1/2 teaspoons ground cinnamon,1/2 teaspoon salt,2 cups dark brown sugar, packed,3/4 cup butter,1 (16 ounce) container sour cream,6 very ripe bananas, mashed,3 eggs,2 1/2 teaspoons vanilla extract,2 cups chopped dates,1 cup chopped walnuts,1/2 cup toasted flake coconut (optional),1/4 cup dark brown sugar, divided,2 tablespoons chopped dates, divided,2 tablespoons chopped walnuts, divided,2 tablespoons toasted flake coconut, divided (optional),1 tablespoon butter, melted (optional),",374,nan,20,60,80,300,150
http://allrecipes.com/recipe/219863/melted-banana-bread/,Melted Banana Bread,4,3,3,3,3,"1 1/3 cups flour,1/2 teaspoon salt,1/2 teaspoon baking soda,1/4 teaspoon baking powder,5 1/3 tablespoons Meltå¨ Organic Buttery Spread,2/3 cup sugar (slightly less--see directions),2 large eggs, lightly beaten,1 cup mashed ripe bananas,1 cup milk chocolate or semi-sweet chocolate chips,",270,nan,nan,nan,nan,baking,nan
http://allrecipes.com/recipe/142736/microwave-tofu-banana-bread/,Microwave Tofu Banana Bread,3,3,3.333333254,3.33,3,"1/2 (12 ounce) package silken tofu,2 ripe bananas,2 tablespoons miniature chocolate chips,1 cup pancake mix,",459,nan,10,3,13,combine,nan
http://allrecipes.com/recipe/238514/gluten-free-banana-bread/,Gluten-Free Banana Bread,12,3,4.333333492,4.33,3,"1 teaspoon margarine, or as needed, softened,3/4 cup almond milk,1 tablespoon vinegar,1 1/4 cups rice flour,1/2 cup brown sugar,1/4 cup amaranth flour,1/4 cup soy flour,1/4 cup flax seed meal,1 teaspoon baking powder,1 teaspoon baking soda,1 teaspoon sea salt,2 large bananas, mashed,1 egg, beaten,1 tablespoon coconut oil, melted,",223,nan,15,35,50,350,175
http://allrecipes.com/recipe/256401/cream-cheese-banana-bread/,Cream Cheese Banana Bread,7,3,4,4,3,"cooking spray,Banana Bread:,1/2 cup unsalted butter, melted,1/2 cup light brown sugar,1 egg,1/4 cup sour cream,1/4 cup white sugar,1 teaspoon vanilla extract,2 ripe bananas,1 cup all-purpose flour,1/2 teaspoon baking soda,1/2 teaspoon baking powder,1/2 teaspoon salt,Cream Cheese Filling:,1 (4 ounce) package cream cheese, softened,1 egg,1/4 cup white sugar,3 tablespoons all-purpose flour,",381,nan,20,50,75,350,175
http://allrecipes.com/recipe/256564/gluten-free-banana-bread-made-easy/,Gluten-Free Banana Bread Made Easy,3,1,4,4,1,"3 large ripe bananas,1 egg,1 1/3 cups gluten-free all purpose baking flour,1/4 cup honey,1/4 cup vegetable oil,1/4 cup flaxseed meal,1 tablespoon bourbon vanilla extract,2 1/2 teaspoons baking powder,1 teaspoon baking soda,1/2 teaspoon xanthan gum,1/2 teaspoon ground nutmeg,1 dash salt,1/2 cup chopped pecans,",237,nan,10,50,60,350,175
http://allrecipes.com/recipe/256693/dark-chocolate-marbled-banana-bread-with-greek-yogurt/,Dark Chocolate Marbled Banana Bread with Greek Yogurt,14,2,5,5,2,"1 1/2 cups all-purpose flour,1 teaspoon baking soda,1/4 teaspoon salt,5 tablespoons hot water,1/4 cup cocoa powder,2 large overripe bananas, mashed,1/2 cup Greek yogurt,1/2 cup butter, melted,1/2 cup brown sugar,2 eggs, beaten,1 tablespoon vanilla extract,",250,nan,20,55,75,350,175
http://allrecipes.com/recipe/247088/whole-wheat-banana-bread-with-flaxseed-and-oats/,Whole Wheat Banana Bread with Flaxseed and Oats,4,2,3,3,2,"1 1/2 cups whole wheat flour,2/3 cup brown sugar,1/2 cup flaxseed meal,1/3 cup rolled oats,2 tablespoons white sugar,1/2 teaspoon baking powder,1/2 teaspoon baking soda,1/8 teaspoon salt,2 eggs,6 tablespoons butter, melted,1/3 cup buttermilk,1 tablespoon buttermilk,1 teaspoon vanilla extract,3 bananas, mashed,",216,nan,10,50,90,350,175
http://allrecipes.com/recipe/247086/very-banana-y-whole-wheat-banana-bread/,Very Banana-y Whole Wheat Banana Bread,8,2,4,4,2,"1/2 cup lightly packed brown sugar,2 tablespoons olive oil,3 eggs,1/3 cup unsweetened applesauce,1 teaspoon vanilla extract,1 3/4 cups mashed bananas,1 3/4 cups whole wheat flour,1 teaspoon baking soda,1/2 cup chopped walnuts,",185,nan,15,60,105,325,165
http://allrecipes.com/recipe/238561/organic-banana-bread/,Organic Banana Bread,1,1,4.5,4.5,1,"3 over-ripe bananas, mashed,2 eggs,3 tablespoons canola oil,1 teaspoon ground cinnamon,2 cups whole wheat pastry flour,1 cup chopped walnuts,1/2 cup dark chocolate chunks (optional),3/4 cup white sugar,1 teaspoon baking powder,1/2 teaspoon baking soda,1/2 teaspoon vanilla extract,",205,nan,10,90,100,vanilla,nan
http://allrecipes.com/recipe/231864/sugar-free-banana-bread/,Sugar Free Banana Bread,7,2,4.5,4.5,2,"1 cup all-purpose flour,1 cup rice flour,1/4 cup stevia powder, or to taste,1 tablespoon baking powder,1/2 teaspoon baking soda,1 pinch salt,3 ripe bananas, mashed,3/4 cup unsweetened almond milk,1/4 cup vegetable oil,1 egg,3/4 cup pine nuts (optional),1/4 cup flax seeds (optional),",463,nan,15,60,75,350,175
http://allrecipes.com/recipe/257243/the-best-moist-lotus-cookie-butter-banana-bread-recipe-ever/,The Best Moist Lotus Cookie Butter Banana Bread Recipe Ever,1,1,4,4,1,"cooking spray,1 cup white sugar,1/2 cup butter, softened,6 ripe bananas, mashed,2 eggs, beaten,1 1/2 cups cake flour,3 tablespoons cake flour,1 teaspoon baking soda,1/2 teaspoon salt,1/2 teaspoon vanilla extract,1/2 cup European cookie spread (such as Biscoffå¨),",327,nan,20,50,85,350,175
http://allrecipes.com/recipe/257403/delicious-whole-grain-banana-bread/,Delicious Whole Grain Banana Bread,3,1,5,5,1,"1/3 cup butter, at room temperature,1/3 cup unpasteurized Manuka honey,1 cup mashed bananas,1 teaspoon vanilla extract,1 3/4 cups whole wheat flour,1 teaspoon baking soda,1 teaspoon baking powder,1/2 teaspoon fleur de sel (sea salt flakes),1/4 cup hot water,1/4 cup dark chocolate chunks,2 tablespoons chopped walnuts,",267,nan,25,45,75,325,165
http://allrecipes.com/recipe/257629/papaya-bread-with-a-twist/,Papaya Bread with a Twist,0,1,5,5,1,"1 cup butter,1 cup white sugar,4 eggs,1 cup mashed ripe bananas,1 cup mashed ripe papaya,3/4 cup raisins,1/2 cup chopped walnuts,1/3 cup diced crystallized ginger,3 cups all-purpose flour,2 teaspoons baking soda,1 teaspoon salt,1 teaspoon ground cinnamon,1 teaspoon ground allspice,1 teaspoon ground ginger,1/2 teaspoon baking powder,",324,nan,30,50,90,325,165
http://allrecipes.com/recipe/257670/black-sesame-and-walnut-banana-bread/,Black Sesame and Walnut Banana Bread,1,1,4,4,1,"3/4 cup all-purpose flour,1/2 teaspoon baking soda,1/2 teaspoon baking powder,1/2 teaspoon ground cinnamon (optional),1/4 teaspoon ground nutmeg (optional),1/4 teaspoon salt,1 large banana, mashed,1/4 cup white sugar,1/4 cup packed brown sugar,1 egg white,2 tablespoons milk,1 tablespoon canola oil,1/2 teaspoon vanilla extract,1/3 cup black sesame seeds,1/3 cup chopped walnuts,",389,nan,15,35,50,350,175
http://allrecipes.com/recipe/259018/double-chocolate-banana-monkey-bread/,Double Chocolate Banana Monkey Bread,0,0,0,0,0,"cooking spray,1 cup brown sugar,1 (3.4 ounce) package instant white chocolate pudding mix, divided,2 tablespoons ground cinnamon,1/2 cup butter, melted,1 (16.3 ounce) package refrigerated buttermilk biscuit dough (such as Pillsbury Grands!å¨), each cut into 8 pieces,1 ripe banana, mashed,1/2 cup semisweet chocolate chips,Icing:,1 cup confectioners' sugar,2 tablespoons butter, melted,2 teaspoons heavy whipping cream,",387,nan,30,18,58,350,175
http://allrecipes.com/recipe/259746/gluten-free-vegan-banana-nut-bread/,Gluten-Free Vegan Banana Nut Bread,0,0,0,0,0,"cooking spray,2 tablespoons boiling water,1 tablespoon flax seeds,1 cup mashed ripe bananas,1/4 cup unsweetened applesauce,2 teaspoons vanilla extract,1 cup chopped Medjool dates,1 cup oat flour,1/2 cup tapioca starch,4 teaspoons baking powder,1 teaspoon ground cinnamon,1/2 teaspoon baking soda,1/2 cup chopped walnuts,",227,nan,25,55,80,350,175
http://allrecipes.com/recipe/257433/best-banana-yogurt-bread/,Best Banana Yogurt Bread,0,0,0,0,0,"1 cup white sugar,1/2 cup butter, softened,2 eggs,1 teaspoon vanilla extract,1 1/2 cups all-purpose flour,1 1/2 teaspoons ground allspice,3 overripe bananas, thinly sliced,1/2 cup banana-flavored yogurt,3 tablespoons white sugar,1 teaspoon ground cloves,",371,nan,15,60,75,350,175
http://allrecipes.com/recipe/257605/gluten-free-banana-giraffe-bread/,Gluten-Free Banana Giraffe Bread,0,0,0,0,0,"2 1/2 cups mashed ripe bananas,4 eggs,1/2 cup almond butter,1/4 cup butter, melted,1/2 cup coconut flour,1 teaspoon ground cinnamon,1 teaspoon baking soda,1 teaspoon baking powder,1 teaspoon vanilla extract,1 pinch sea salt,1/2 cup dark chocolate chips,",301,nan,20,57,207,350,175
http://allrecipes.com/recipe/245434/banana-walnut-flax-seed-bread/,Banana Walnut Flax Seed Bread,0,0,0,0,0,"2 cups whole wheat flour,1 cup flaxseed meal,1/4 cup wheat germ,2 teaspoons baking soda,1 teaspoon ground cinnamon,1/3 teaspoon sea salt,2 cups chopped walnuts,4 eggs,2 cups brown sugar,2/3 cup sunflower seed oil,1/3 cup roasted walnut oil,1/4 cup plain yogurt,5 large ripe bananas, coarsely mashed, or more to taste,2 teaspoons vanilla extract,",380,nan,30,75,110,325,165
http://allrecipes.com/recipe/238961/sweet-and-tangy-sour-cream-banana-bread/,Sweet and Tangy Sour Cream Banana Bread,0,0,0,0,0,"1/4 cup sucralose sugar substitute (such as Splendaå¨ Granulated),1 teaspoon ground cinnamon,3/4 cup light margarine (such as Smart Balanceå¨ Light),1 1/2 cups sugar and sucralose blend for baking (such as SPLENDAå¨ Sugar Blend),6 very ripe bananas, mashed,3/4 cup egg substitute,1 (16 ounce) container reduced-fat sour cream,2 teaspoons vanilla extract,2 teaspoons ground cinnamon,4 1/2 cups white whole wheat flour (such as King Arthurå¨),1 scoop vanilla protein powder (optional),1 tablespoon baking soda,1/2 teaspoon salt substitute (such as Mortonå¨ Lite Saltã¢ Mixture),1 cup chopped walnuts (optional),",205,nan,15,60,75,300,150
http://allrecipes.com/recipe/240448/sweet-potato-banana-bread/,Sweet Potato Banana Bread,0,0,0,0,0,"non-stick cooking spray,1 cup white sugar,1 banana, mashed,1/2 cup fat-free plain yogurt,2 eggs,1 cup all-purpose flour,2/3 cup chickpea (garbanzo bean) flour,1 teaspoon baking soda,1/2 teaspoon ground cinnamon,1/4 teaspoon salt,1/3 cup water,1 cup cooked and mashed sweet potatoes,1/2 cup semisweet chocolate morsels (optional),1/4 cup chia seeds (optional),",252,nan,10,60,80,350,175